ano_dado,variavel,linhas,nao_ausentes,minimo,maximo,ausentes
2010,agua_encanada_atlas_pct,5564,5564,0.15,100.0,0
2010,agua_esgoto_inadequados_atlas_pct,5564,5564,0.0,85.36,0
2010,analfabetismo_15mais_atlas_pct,5564,5564,0.95,44.4,0
2010,area_km2,5565,5565,3.6,159533.4,0
2010,atendimento_escolar_15a17_atlas_pct,5564,5564,50.11,100.0,0
2010,atendimento_escolar_6a14_atlas_pct,5564,5564,51.77,100.0,0
2010,cempre_pessoal_assalariado_ate2021,5570,5565,3.0,4906877.0,5
2010,cempre_pessoal_ocupado_ate2021,5570,5565,11.0,5669617.0,5
2010,cempre_remuneracoes_mil_reais_ate2021,5570,5565,48.0,142150179.0,5
2010,cempre_salario_medio_salarios_minimos_ate2021,5570,5565,0.5,34.4,5
2010,cempre_unidades_locais_ate2021,5570,5565,7.0,577190.0,5
2010,coleta_lixo_urbano_atlas_pct,5564,5564,0.0,100.0,0
2010,densidade_hab_km2,5565,5565,0.13,13024.56,0
2010,desocupacao_18mais_atlas_pct,5564,5564,0.0,38.45,0
2010,educ_abandono_fundamental_anos_finais_pct,5565,5565,0.0,45.1,0
2010,educ_abandono_fundamental_anos_iniciais_pct,5565,5565,0.0,25.4,0
2010,educ_abandono_fundamental_pct,5565,5565,0.0,34.1,0
2010,educ_abandono_medio_pct,5565,5551,0.0,55.8,14
2010,educ_aprovacao_fundamental_anos_finais_pct,5565,5565,39.9,100.0,0
2010,educ_aprovacao_fundamental_anos_iniciais_pct,5565,5565,56.8,100.0,0
2010,educ_aprovacao_fundamental_pct,5565,5565,51.5,100.0,0
2010,educ_aprovacao_medio_pct,5565,5551,25.0,100.0,14
2010,educ_reprovacao_fundamental_anos_finais_pct,5565,5565,0.0,51.0,0
2010,educ_reprovacao_fundamental_anos_iniciais_pct,5565,5565,0.0,34.8,0
2010,educ_reprovacao_fundamental_pct,5565,5565,0.0,34.3,0
2010,educ_reprovacao_medio_pct,5565,5551,0.0,50.5,14
2010,ensino_medio_completo_25mais_atlas_pct,5564,5564,3.46,65.86,0
2010,extrema_pobreza_atlas_pct,5564,5564,0.0,69.67,0
2010,frequencia_liquida_medio_atlas_pct,5564,5564,0.0,91.3,0
2010,gini_atlas,5564,5564,0.28,0.8,0
2010,idhm,5564,5564,0.418,0.862,0
2010,idhm_educacao,5564,5564,0.207,0.825,0
2010,impostos_liquidos_mil_reais,5565,5565,-15088.399,85320191.365,0
2010,ocupados_agropecuaria_atlas_pct,5564,5564,0.06,85.12,0
2010,ocupados_comercio_atlas_pct,5564,5564,0.74,36.57,0
2010,ocupados_servicos_atlas_pct,5564,5564,8.5,78.23,0
2010,pib_mil_reais,5565,5565,7217.765,450491987.985,0
2010,pib_per_capita_reais,5565,5565,2256.42,312220.71,0
2010,pobreza_atlas_pct,5564,5564,0.0,78.59,0
2010,populacao,5565,5565,805.0,11253503.0,0
2010,renda_per_capita_atlas_reais2010,5564,5564,96.25,2043.74,0
2010,sidra_1552_v1000093_c1_0,5565,5565,100.0,100.0,0
2010,sidra_1552_v1000093_c1_1,5565,5565,4.18,100.0,0
2010,sidra_1552_v1000093_c1_2,5565,5565,0.0,95.82,0
2010,sidra_1552_v93_c1_1,5565,5565,174.0,11152344.0,0
2010,sidra_1552_v93_c1_2,5565,5565,0.0,125336.0,0
2010,sidra_3540_v1000140_c1568_0,5565,5565,100.0,100.0,0
2010,sidra_3540_v1000140_c1568_11626,5565,5565,0.0,6.48,0
2010,sidra_3540_v1000140_c1568_9493,5565,5565,26.0,90.62,0
2010,sidra_3540_v1000140_c1568_9494,5565,5565,4.33,35.13,0
2010,sidra_3540_v1000140_c1568_9495,5565,5565,1.52,40.88,0
2010,sidra_3540_v1000140_c1568_99713,5565,5565,0.18,26.69,0
2010,sidra_3540_v140_c1568_0,5565,5565,710.0,9783868.0,0
2010,sidra_3540_v140_c1568_11626,5565,5565,0.0,119765.0,0
2010,sidra_3540_v140_c1568_9493,5565,5565,381.0,3683120.0,0
2010,sidra_3540_v140_c1568_9494,5565,5565,87.0,1798580.0,0
2010,sidra_3540_v140_c1568_9495,5565,5565,93.0,2610334.0,0
2010,sidra_3540_v140_c1568_99713,5565,5565,11.0,1572070.0,0
2010,superior_completo_25mais_atlas_pct,5564,5564,0.28,33.68,0
2010,vab_administracao_publica_mil_reais,5565,5565,4226.545,53848708.424,0
2010,vab_agropecuaria_mil_reais,5565,5565,0.0,613895.345,0
2010,vab_industria_mil_reais,5565,5565,282.797,57881158.639,0
2010,vab_servicos_mil_reais,5565,5565,1206.547,280383326.528,0
2010,vab_total_mil_reais,5565,5565,7022.404,365171796.62,0
2011,cempre_pessoal_assalariado_ate2021,5570,5565,6.0,5098791.0,5
2011,cempre_pessoal_ocupado_ate2021,5570,5565,12.0,5899412.0,5
2011,cempre_remuneracoes_mil_reais_ate2021,5570,5565,97.0,161769713.0,5
2011,cempre_salario_medio_salarios_minimos_ate2021,5570,5565,0.4,20.0,5
2011,cempre_unidades_locais_ate2021,5570,5565,4.0,584225.0,5
2011,educ_abandono_fundamental_anos_finais_pct,5565,5565,0.0,33.5,0
2011,educ_abandono_fundamental_anos_iniciais_pct,5565,5565,0.0,19.8,0
2011,educ_abandono_fundamental_pct,5565,5565,0.0,20.0,0
2011,educ_abandono_medio_pct,5565,5552,0.0,53.1,13
2011,educ_aprovacao_fundamental_anos_finais_pct,5565,5565,32.7,100.0,0
2011,educ_aprovacao_fundamental_anos_iniciais_pct,5565,5565,53.6,100.0,0
2011,educ_aprovacao_fundamental_pct,5565,5565,55.0,100.0,0
2011,educ_aprovacao_medio_pct,5565,5552,33.4,100.0,13
2011,educ_reprovacao_fundamental_anos_finais_pct,5565,5565,0.0,42.1,0
2011,educ_reprovacao_fundamental_anos_iniciais_pct,5565,5565,0.0,39.4,0
2011,educ_reprovacao_fundamental_pct,5565,5565,0.0,34.5,0
2011,educ_reprovacao_medio_pct,5565,5552,0.0,48.3,13
2011,impostos_liquidos_mil_reais,5565,5565,-9878.639,97490926.05,0
2011,pib_mil_reais,5565,5565,8086.923,501964421.296,0
2011,pib_per_capita_reais,5565,5565,2574.51,622975.94,0
2011,populacao,5571,5565,806.0,11316119.0,6
2011,vab_administracao_publica_mil_reais,5565,5565,4606.269,59471619.649,0
2011,vab_agropecuaria_mil_reais,5565,5565,0.0,996288.552,0
2011,vab_industria_mil_reais,5565,5565,-885041.885,62577555.051,0
2011,vab_servicos_mil_reais,5565,5565,1226.506,312593327.364,0
2011,vab_total_mil_reais,5565,5565,7816.786,404473495.246,0
2012,cempre_pessoal_assalariado_ate2021,5570,5565,0.0,5239502.0,5
2012,cempre_pessoal_ocupado_ate2021,5570,5563,5.0,6062016.0,7
2012,cempre_remuneracoes_mil_reais_ate2021,5570,5563,8.0,182963920.0,7
2012,cempre_salario_medio_salarios_minimos_ate2021,5570,5565,0.0,9.4,5
2012,cempre_unidades_locais_ate2021,5570,5567,1.0,599434.0,3
2012,educ_abandono_fundamental_anos_finais_pct,5565,5565,0.0,32.7,0
2012,educ_abandono_fundamental_anos_iniciais_pct,5565,5565,0.0,18.7,0
2012,educ_abandono_fundamental_pct,5565,5565,0.0,20.6,0
2012,educ_abandono_medio_pct,5565,5553,0.0,100.0,12
2012,educ_aprovacao_fundamental_anos_finais_pct,5565,5565,46.2,100.0,0
2012,educ_aprovacao_fundamental_anos_iniciais_pct,5565,5565,62.4,100.0,0
2012,educ_aprovacao_fundamental_pct,5565,5565,59.5,100.0,0
2012,educ_aprovacao_medio_pct,5565,5553,0.0,100.0,12
2012,educ_reprovacao_fundamental_anos_finais_pct,5565,5565,0.0,42.2,0
2012,educ_reprovacao_fundamental_anos_iniciais_pct,5565,5565,0.0,35.3,0
2012,educ_reprovacao_fundamental_pct,5565,5565,0.0,34.7,0
2012,educ_reprovacao_medio_pct,5565,5553,0.0,48.2,12
2012,impostos_liquidos_mil_reais,5565,5565,-7761.346,101430123.726,0
2012,pib_mil_reais,5565,5565,-19046.434,538877121.413,0
2012,pib_per_capita_reais,5565,5565,-1459.83,777099.83,0
2012,populacao,5571,5570,807.0,11376685.0,1
2012,vab_administracao_publica_mil_reais,5565,5565,5020.893,60179416.257,0
2012,vab_agropecuaria_mil_reais,5565,5565,0.0,1621107.712,0
2012,vab_industria_mil_reais,5565,5565,-2498387.587,63105175.747,0
2012,vab_servicos_mil_reais,5565,5565,1459.111,342783373.334,0
2012,vab_total_mil_reais,5565,5565,-358826.563,437446997.686,0
2013,cempre_pessoal_assalariado_ate2021,5570,5570,3.0,5281006.0,0
2013,cempre_pessoal_ocupado_ate2021,5570,5570,13.0,6099645.0,0
2013,cempre_remuneracoes_mil_reais_ate2021,5570,5570,30.0,201301606.0,0
2013,cempre_salario_medio_salarios_minimos_ate2021,5570,5570,0.4,9.8,0
2013,cempre_unidades_locais_ate2021,5570,5570,7.0,618713.0,0
2013,educ_abandono_fundamental_anos_finais_pct,5570,5570,0.0,44.5,0
2013,educ_abandono_fundamental_anos_iniciais_pct,5570,5570,0.0,14.0,0
2013,educ_abandono_fundamental_pct,5570,5570,0.0,22.3,0
2013,educ_abandono_medio_pct,5570,5560,0.0,43.8,10
2013,educ_aprovacao_fundamental_anos_finais_pct,5570,5570,39.5,100.0,0
2013,educ_aprovacao_fundamental_anos_iniciais_pct,5570,5570,67.4,100.0,0
2013,educ_aprovacao_fundamental_pct,5570,5570,58.1,100.0,0
2013,educ_aprovacao_medio_pct,5570,5560,42.2,100.0,10
2013,educ_reprovacao_fundamental_anos_finais_pct,5570,5570,0.0,55.3,0
2013,educ_reprovacao_fundamental_anos_iniciais_pct,5570,5570,0.0,29.9,0
2013,educ_reprovacao_fundamental_pct,5570,5570,0.0,36.2,0
2013,educ_reprovacao_medio_pct,5570,5560,0.0,47.4,10
2013,impostos_liquidos_mil_reais,5570,5570,-4896.051,106469218.771,0
2013,pib_mil_reais,5570,5570,4198.94,582079726.489,0
2013,pib_per_capita_reais,5570,5570,301.6,717343.67,0
2013,populacao,5571,5570,825.0,11821873.0,1
2013,vab_administracao_publica_mil_reais,5570,5570,5495.396,66783401.57,0
2013,vab_agropecuaria_mil_reais,5570,5570,0.0,1305435.672,0
2013,vab_industria_mil_reais,5570,5570,-2897193.285,66882689.993,0
2013,vab_servicos_mil_reais,5570,5570,1590.981,372699138.12,0
2013,vab_total_mil_reais,5570,5570,-510593.061,475610507.718,0
2014,cempre_pessoal_assalariado_ate2021,5570,5570,35.0,5285492.0,0
2014,cempre_pessoal_ocupado_ate2021,5570,5570,45.0,6067672.0,0
2014,cempre_remuneracoes_mil_reais_ate2021,5570,5570,370.0,221358510.0,0
2014,cempre_salario_medio_salarios_minimos_ate2021,5570,5570,0.4,8.4,0
2014,cempre_unidades_locais_ate2021,5570,5570,6.0,599084.0,0
2014,educ_abandono_fundamental_anos_finais_pct,5570,5570,0.0,28.8,0
2014,educ_abandono_fundamental_anos_iniciais_pct,5570,5570,0.0,14.6,0
2014,educ_abandono_fundamental_pct,5570,5570,0.0,18.5,0
2014,educ_abandono_medio_pct,5570,5560,0.0,51.2,10
2014,educ_aprovacao_fundamental_anos_finais_pct,5570,5570,38.0,100.0,0
2014,educ_aprovacao_fundamental_anos_iniciais_pct,5570,5570,66.2,100.0,0
2014,educ_aprovacao_fundamental_pct,5570,5570,63.4,100.0,0
2014,educ_aprovacao_medio_pct,5570,5560,38.1,100.0,10
2014,educ_reprovacao_fundamental_anos_finais_pct,5570,5570,0.0,43.3,0
2014,educ_reprovacao_fundamental_anos_iniciais_pct,5570,5570,0.0,30.7,0
2014,educ_reprovacao_fundamental_pct,5570,5570,0.0,31.9,0
2014,educ_reprovacao_medio_pct,5570,5560,0.0,52.1,10
2014,impostos_liquidos_mil_reais,5570,5570,-3433.126,111044209.474,0
2014,pib_mil_reais,5570,5570,11714.788,621917371.65,0
2014,pib_per_capita_reais,5570,5570,3081.72,815697.76,0
2014,populacao,5571,5570,822.0,11895893.0,1
2014,vab_administracao_publica_mil_reais,5570,5570,6370.507,73725855.841,0
2014,vab_agropecuaria_mil_reais,5570,5570,0.0,1684344.091,0
2014,vab_industria_mil_reais,5570,5570,-1734931.276,66893050.096,0
2014,vab_servicos_mil_reais,5570,5570,1901.226,406109012.608,0
2014,vab_total_mil_reais,5570,5570,11513.999,510873162.176,0
2015,cempre_pessoal_assalariado_ate2021,5570,5570,63.0,5088457.0,0
2015,cempre_pessoal_ocupado_ate2021,5570,5570,96.0,5848294.0,0
2015,cempre_remuneracoes_mil_reais_ate2021,5570,5570,1137.0,234039024.0,0
2015,cempre_salario_medio_salarios_minimos_ate2021,5570,5570,0.5,7.5,0
2015,cempre_unidades_locais_ate2021,5570,5570,7.0,582367.0,0
2015,educ_abandono_fundamental_anos_finais_pct,5570,5570,0.0,28.8,0
2015,educ_abandono_fundamental_anos_iniciais_pct,5570,5570,0.0,14.5,0
2015,educ_abandono_fundamental_pct,5570,5570,0.0,17.5,0
2015,educ_abandono_medio_pct,5570,5560,0.0,46.6,10
2015,educ_aprovacao_fundamental_anos_finais_pct,5570,5570,42.9,100.0,0
2015,educ_aprovacao_fundamental_anos_iniciais_pct,5570,5570,50.0,100.0,0
2015,educ_aprovacao_fundamental_pct,5570,5570,54.9,100.0,0
2015,educ_aprovacao_medio_pct,5570,5560,38.0,100.0,10
2015,educ_reprovacao_fundamental_anos_finais_pct,5570,5570,0.0,44.7,0
2015,educ_reprovacao_fundamental_anos_iniciais_pct,5570,5570,0.0,48.4,0
2015,educ_reprovacao_fundamental_pct,5570,5570,0.0,42.5,0
2015,educ_reprovacao_medio_pct,5570,5560,0.0,50.9,10
2015,impostos_liquidos_mil_reais,5570,5570,-6738.998,113823596.248,0
2015,pib_mil_reais,5570,5570,11501.402,653646991.153,0
2015,pib_per_capita_reais,5570,5570,3089.57,513142.01,0
2015,populacao,5571,5570,818.0,11967825.0,1
2015,vab_administracao_publica_mil_reais,5570,5570,6615.66,83294594.587,0
2015,vab_agropecuaria_mil_reais,5570,5570,-2298.91,1773047.25,0
2015,vab_industria_mil_reais,5570,5570,337.797,66082751.683,0
2015,vab_servicos_mil_reais,5570,5570,1969.527,432441078.055,0
2015,vab_total_mil_reais,5570,5570,11123.352,539823394.905,0
2016,cempre_pessoal_assalariado_ate2021,5570,5570,4.0,4896632.0,0
2016,cempre_pessoal_ocupado_ate2021,5570,5570,25.0,5634681.0,0
2016,cempre_remuneracoes_mil_reais_ate2021,5570,5570,74.0,239895662.0,0
2016,cempre_salario_medio_salarios_minimos_ate2021,5570,5570,0.7,11.6,0
2016,cempre_unidades_locais_ate2021,5570,5570,8.0,569870.0,0
2016,educ_abandono_fundamental_anos_finais_pct,5570,5570,0.0,36.4,0
2016,educ_abandono_fundamental_anos_iniciais_pct,5570,5570,0.0,25.4,0
2016,educ_abandono_fundamental_pct,5570,5570,0.0,22.7,0
2016,educ_abandono_medio_pct,5570,5561,0.0,53.5,9
2016,educ_aprovacao_fundamental_anos_finais_pct,5570,5570,48.8,100.0,0
2016,educ_aprovacao_fundamental_anos_iniciais_pct,5570,5570,61.2,100.0,0
2016,educ_aprovacao_fundamental_pct,5570,5570,63.7,100.0,0
2016,educ_aprovacao_medio_pct,5570,5561,38.7,100.0,9
2016,educ_reprovacao_fundamental_anos_finais_pct,5570,5570,0.0,48.0,0
2016,educ_reprovacao_fundamental_anos_iniciais_pct,5570,5570,0.0,38.3,0
2016,educ_reprovacao_fundamental_pct,5570,5570,0.0,33.0,0
2016,educ_reprovacao_medio_pct,5570,5561,0.0,54.2,9
2016,impostos_liquidos_mil_reais,5570,5570,-14174.838,117106590.019,0
2016,pib_mil_reais,5570,5570,11679.243,683066696.839,0
2016,pib_per_capita_reais,5570,5570,3191.2,364529.33,0
2016,populacao,5571,5570,815.0,12038175.0,1
2016,vab_administracao_publica_mil_reais,5570,5570,7257.508,92051447.72,0
2016,vab_agropecuaria_mil_reais,5570,5570,0.0,1402282.112,0
2016,vab_industria_mil_reais,5570,5570,361.64,60646691.27,0
2016,vab_servicos_mil_reais,5570,5570,2037.826,463376974.425,0
2016,vab_total_mil_reais,5570,5570,11339.953,565960106.82,0
2017,cempre_pessoal_assalariado_ate2021,5570,5570,16.0,4809967.0,0
2017,cempre_pessoal_ocupado_ate2021,5570,5570,39.0,5539936.0,0
2017,cempre_remuneracoes_mil_reais_ate2021,5570,5570,227.0,249522895.0,0
2017,cempre_salario_medio_salarios_minimos_ate2021,5570,5570,0.8,6.4,0
2017,cempre_unidades_locais_ate2021,5570,5570,9.0,567669.0,0
2017,educ_abandono_fundamental_anos_finais_pct,5570,5570,0.0,26.5,0
2017,educ_abandono_fundamental_anos_iniciais_pct,5570,5570,0.0,14.6,0
2017,educ_abandono_fundamental_pct,5570,5570,0.0,20.2,0
2017,educ_abandono_medio_pct,5570,5560,0.0,50.7,10
2017,educ_aprovacao_fundamental_anos_finais_pct,5570,5570,39.2,100.0,0
2017,educ_aprovacao_fundamental_anos_iniciais_pct,5570,5570,61.4,100.0,0
2017,educ_aprovacao_fundamental_pct,5570,5570,58.5,100.0,0
2017,educ_aprovacao_medio_pct,5570,5560,37.2,100.0,10
2017,educ_reprovacao_fundamental_anos_finais_pct,5570,5570,0.0,56.9,0
2017,educ_reprovacao_fundamental_anos_iniciais_pct,5570,5570,0.0,29.1,0
2017,educ_reprovacao_fundamental_pct,5570,5570,0.0,30.1,0
2017,educ_reprovacao_medio_pct,5570,5560,0.0,50.8,10
2017,impostos_liquidos_mil_reais,5570,5570,276.627,122526061.015,0
2017,pib_mil_reais,5570,5570,12992.886,698952189.373,0
2017,pib_per_capita_reais,5570,5570,3289.5,346739.34,0
2017,populacao,5571,5570,812.0,12106920.0,1
2017,vab_administracao_publica_mil_reais,5570,5570,7998.199,98002586.38,0
2017,vab_agropecuaria_mil_reais,5570,5570,0.0,1502250.851,0
2017,vab_industria_mil_reais,5570,5570,383.051,58642822.734,0
2017,vab_servicos_mil_reais,5570,5570,2049.474,474787043.038,0
2017,vab_total_mil_reais,5570,5570,12716.259,576426128.358,0
2018,cempre_pessoal_assalariado_ate2021,5570,5570,19.0,4854446.0,0
2018,cempre_pessoal_ocupado_ate2021,5570,5570,59.0,5571893.0,0
2018,cempre_remuneracoes_mil_reais_ate2021,5570,5570,245.0,257932098.0,0
2018,cempre_salario_medio_salarios_minimos_ate2021,5570,5570,0.8,6.9,0
2018,cempre_unidades_locais_ate2021,5570,5570,5.0,566037.0,0
2018,educ_abandono_fundamental_anos_finais_pct,5570,5570,0.0,34.4,0
2018,educ_abandono_fundamental_anos_iniciais_pct,5570,5570,0.0,13.6,0
2018,educ_abandono_fundamental_pct,5570,5570,0.0,22.4,0
2018,educ_abandono_medio_pct,5570,5561,0.0,51.0,9
2018,educ_aprovacao_fundamental_anos_finais_pct,5570,5570,44.5,100.0,0
2018,educ_aprovacao_fundamental_anos_iniciais_pct,5570,5570,64.7,100.0,0
2018,educ_aprovacao_fundamental_pct,5570,5570,65.9,100.0,0
2018,educ_aprovacao_medio_pct,5570,5561,29.4,100.0,9
2018,educ_reprovacao_fundamental_anos_finais_pct,5570,5570,0.0,45.9,0
2018,educ_reprovacao_fundamental_anos_iniciais_pct,5570,5570,0.0,30.7,0
2018,educ_reprovacao_fundamental_pct,5570,5570,0.0,29.2,0
2018,educ_reprovacao_medio_pct,5570,5561,0.0,62.3,9
2018,impostos_liquidos_mil_reais,5570,5570,64.482,127157037.15,0
2018,pib_mil_reais,5570,5570,14126.614,714663604.042,0
2018,pib_per_capita_reais,5570,5570,4778.52,582654.67,0
2018,populacao,5571,5570,786.0,12176866.0,1
2018,vab_administracao_publica_mil_reais,5570,5570,8331.779,101792841.454,0
2018,vab_agropecuaria_mil_reais,5570,5570,0.0,2482541.819,0
2018,vab_industria_mil_reais,5570,5570,350.745,58064987.762,0
2018,vab_servicos_mil_reais,5570,5570,2149.481,485395448.6,0
2018,vab_total_mil_reais,5570,5570,13772.348,587506566.893,0
2019,cempre_pessoal_assalariado_ate2021,5570,5570,115.0,4996419.0,0
2019,cempre_pessoal_ocupado_ate2021,5570,5570,127.0,5766720.0,0
2019,cempre_remuneracoes_mil_reais_ate2021,5570,5570,1767.0,269629363.0,0
2019,cempre_salario_medio_salarios_minimos_ate2021,5570,5570,0.8,6.1,0
2019,cempre_unidades_locais_ate2021,5570,5570,3.0,632226.0,0
2019,educ_abandono_fundamental_anos_finais_pct,5570,5570,0.0,23.7,0
2019,educ_abandono_fundamental_anos_iniciais_pct,5570,5570,0.0,13.9,0
2019,educ_abandono_fundamental_pct,5570,5570,0.0,13.2,0
2019,educ_abandono_medio_pct,5570,5561,0.0,37.4,9
2019,educ_aprovacao_fundamental_anos_finais_pct,5570,5570,43.8,100.0,0
2019,educ_aprovacao_fundamental_anos_iniciais_pct,5570,5570,65.5,100.0,0
2019,educ_aprovacao_fundamental_pct,5570,5570,64.6,100.0,0
2019,educ_aprovacao_medio_pct,5570,5561,43.2,100.0,9
2019,educ_reprovacao_fundamental_anos_finais_pct,5570,5570,0.0,55.6,0
2019,educ_reprovacao_fundamental_anos_iniciais_pct,5570,5570,0.0,31.7,0
2019,educ_reprovacao_fundamental_pct,5570,5570,0.0,35.4,0
2019,educ_reprovacao_medio_pct,5570,5561,0.0,53.7,9
2019,impostos_liquidos_mil_reais,5570,5570,347.125,132475060.795,0
2019,pib_mil_reais,5570,5570,15474.464,763597807.913,0
2019,pib_per_capita_reais,5570,5570,4475.16,465097.43,0
2019,populacao,5571,5570,781.0,12252023.0,1
2019,vab_administracao_publica_mil_reais,5570,5570,9046.426,107219248.727,0
2019,vab_agropecuaria_mil_reais,5570,5570,0.0,1575333.227,0
2019,vab_industria_mil_reais,5570,5570,452.018,57130706.301,0
2019,vab_servicos_mil_reais,5570,5570,2309.967,528404124.837,0
2019,vab_total_mil_reais,5570,5570,15127.339,631122747.118,0
2020,cempre_pessoal_assalariado_ate2021,5570,5570,111.0,4828257.0,0
2020,cempre_pessoal_ocupado_ate2021,5570,5570,115.0,5636889.0,0
2020,cempre_remuneracoes_mil_reais_ate2021,5570,5570,1785.0,270765099.0,0
2020,cempre_salario_medio_salarios_minimos_ate2021,5570,5570,0.9,6.0,0
2020,cempre_unidades_locais_ate2021,5570,5570,6.0,653363.0,0
2020,educ_abandono_fundamental_anos_finais_pct,5570,5561,0.0,100.0,9
2020,educ_abandono_fundamental_anos_iniciais_pct,5570,5562,0.0,100.0,8
2020,educ_abandono_fundamental_pct,5570,5566,0.0,100.0,4
2020,educ_abandono_medio_pct,5570,5561,0.0,40.7,9
2020,educ_aprovacao_fundamental_anos_finais_pct,5570,5561,0.0,100.0,9
2020,educ_aprovacao_fundamental_anos_iniciais_pct,5570,5562,0.0,100.0,8
2020,educ_aprovacao_fundamental_pct,5570,5566,0.0,100.0,4
2020,educ_aprovacao_medio_pct,5570,5561,56.1,100.0,9
2020,educ_reprovacao_fundamental_anos_finais_pct,5570,5561,0.0,40.8,9
2020,educ_reprovacao_fundamental_anos_iniciais_pct,5570,5562,0.0,17.0,8
2020,educ_reprovacao_fundamental_pct,5570,5566,0.0,27.0,4
2020,educ_reprovacao_medio_pct,5570,5561,0.0,36.9,9
2020,impostos_liquidos_mil_reais,5570,5570,395.847,124329616.291,0
2020,pib_mil_reais,5570,5570,16739.798,746909329.587,0
2020,pib_per_capita_reais,5570,5570,4920.64,590594.94,0
2020,populacao,5571,5570,776.0,12325232.0,1
2020,vab_administracao_publica_mil_reais,5570,5570,8946.774,111267001.381,0
2020,vab_agropecuaria_mil_reais,5570,5570,0.0,3533041.014,0
2020,vab_industria_mil_reais,5570,5570,440.048,57439419.23,0
2020,vab_servicos_mil_reais,5570,5570,2544.995,519161240.706,0
2020,vab_total_mil_reais,5570,5570,16343.951,622579713.296,0
2021,cempre_pessoal_assalariado_ate2021,5570,5570,57.0,5013099.0,0
2021,cempre_pessoal_ocupado_ate2021,5570,5570,75.0,5852375.0,0
2021,cempre_remuneracoes_mil_reais_ate2021,5570,5570,885.0,305596726.0,0
2021,cempre_salario_medio_salarios_minimos_ate2021,5570,5570,1.0,5.9,0
2021,cempre_unidades_locais_ate2021,5570,5570,6.0,681246.0,0
2021,educ_abandono_fundamental_anos_finais_pct,5570,5570,0.0,32.2,0
2021,educ_abandono_fundamental_anos_iniciais_pct,5570,5570,0.0,21.0,0
2021,educ_abandono_fundamental_pct,5570,5570,0.0,20.8,0
2021,educ_abandono_medio_pct,5570,5561,0.0,50.1,9
2021,educ_aprovacao_fundamental_anos_finais_pct,5570,5570,52.5,100.0,0
2021,educ_aprovacao_fundamental_anos_iniciais_pct,5570,5570,70.7,100.0,0
2021,educ_aprovacao_fundamental_pct,5570,5570,67.4,100.0,0
2021,educ_aprovacao_medio_pct,5570,5561,37.1,100.0,9
2021,educ_reprovacao_fundamental_anos_finais_pct,5570,5570,0.0,41.3,0
2021,educ_reprovacao_fundamental_anos_iniciais_pct,5570,5570,0.0,28.2,0
2021,educ_reprovacao_fundamental_pct,5570,5570,0.0,27.3,0
2021,educ_reprovacao_medio_pct,5570,5561,0.0,60.0,9
2021,impostos_liquidos_mil_reais,5570,5570,434.177,168184034.18,0
2021,pib_mil_reais,5570,5570,18051.06,828980746.586,0
2021,pib_per_capita_reais,5570,5570,5406.47,920828.36,0
2021,populacao,5571,5570,771.0,12396372.0,1
2021,vab_administracao_publica_mil_reais,5570,5570,8459.631,116809197.663,0
2021,vab_agropecuaria_mil_reais,5570,5570,0.0,5004238.725,0
2021,vab_industria_mil_reais,5570,5570,-477324.132,65616070.066,0
2021,vab_servicos_mil_reais,5570,5570,2712.951,549767525.142,0
2021,vab_total_mil_reais,5570,5570,-227725.728,660796712.406,0
2022,alfabetizacao_15mais_censo2022_pct,5570,5570,63.19,99.1,0
2022,analfabetismo_15mais_atlas_pct,5570,5570,0.9000000000000057,36.81,0
2022,area_km2,5570,5570,3.565,159533.306,0
2022,cempre_pessoal_assalariado_desde2022,5570,5570,21.0,5271059.0,0
2022,cempre_pessoal_ocupado_desde2022,5570,5570,92.0,6728485.0,0
2022,cempre_remuneracoes_mil_reais_desde2022,5570,5570,360.0,358000278.0,0
2022,cempre_unidades_locais_desde2022,5570,5570,32.0,1114100.0,0
2022,densidade_hab_km2,5570,5570,0.15,13416.81,0
2022,educ_abandono_fundamental_anos_finais_pct,5570,5570,0.0,22.6,0
2022,educ_abandono_fundamental_anos_iniciais_pct,5570,5570,0.0,8.9,0
2022,educ_abandono_fundamental_pct,5570,5570,0.0,14.1,0
2022,educ_abandono_medio_pct,5570,5563,0.0,37.8,7
2022,educ_aprovacao_fundamental_anos_finais_pct,5570,5570,43.3,100.0,0
2022,educ_aprovacao_fundamental_anos_iniciais_pct,5570,5570,68.5,100.0,0
2022,educ_aprovacao_fundamental_pct,5570,5570,64.1,100.0,0
2022,educ_aprovacao_medio_pct,5570,5563,42.4,100.0,7
2022,educ_reprovacao_fundamental_anos_finais_pct,5570,5570,0.0,56.4,0
2022,educ_reprovacao_fundamental_anos_iniciais_pct,5570,5570,0.0,26.7,0
2022,educ_reprovacao_fundamental_pct,5570,5570,0.0,35.7,0
2022,educ_reprovacao_medio_pct,5570,5563,0.0,53.8,7
2022,impostos_liquidos_mil_reais,5570,0,,,5570
2022,pib_mil_reais,5570,5570,21017.664,945946482.808,0
2022,pib_per_capita_reais,5570,5570,6757.48,842004.6,0
2022,populacao,5570,5570,833.0,11451999.0,0
2022,renda_domiciliar_per_capita_censo2022_reais,5570,5570,288.65,4299.91,0
2022,renda_domiciliar_per_capita_mediana_censo2022_reais,5570,5570,160.0,2500.0,0
2022,sidra_10201_v1013436_c2072_77584,5570,5570,100.0,100.0,0
2022,sidra_10201_v1013436_c2072_77585,5570,5570,24.54,98.08,0
2022,sidra_10201_v1013436_c2072_77586,5570,5570,1.92,75.46,0
2022,sidra_10201_v13436_c2072_77584,5570,5570,742.0,10119176.0,0
2022,sidra_10201_v13436_c2072_77585,5570,5570,643.0,9511125.0,0
2022,sidra_10201_v13436_c2072_77586,5570,5570,16.0,608051.0,0
2022,sidra_6803_v1000381_c1821_72129,5570,5570,100.0,100.0,0
2022,sidra_6803_v1000381_c1821_72144,5570,5570,0.0,100.0,0
2022,sidra_6803_v1000381_c1821_72145,5570,5570,0.0,72.73,0
2022,sidra_6803_v1000381_c1821_72153,5570,5570,0.0,100.0,0
2022,sidra_6803_v381_c1821_72129,5570,5570,322.0,4307665.0,0
2022,sidra_6803_v381_c1821_72144,5570,5570,0.0,4271130.0,0
2022,sidra_6803_v381_c1821_72145,5570,5570,0.0,55958.0,0
2022,sidra_6803_v381_c1821_72153,5570,5570,0.0,100249.0,0
2022,sidra_6805_v1000381_c11558_46290,5570,5570,0.0,99.95,0
2022,sidra_6805_v1000381_c11558_46292,5570,5570,100.0,100.0,0
2022,sidra_6805_v1000381_c11558_72112,5570,5570,0.0,98.99,0
2022,sidra_6805_v1000381_c11558_72113,5570,5570,0.0,99.55,0
2022,sidra_6805_v1000381_c11558_92861,5570,5570,0.0,39.73,0
2022,sidra_6805_v381_c11558_46290,5570,5570,0.0,4102035.0,0
2022,sidra_6805_v381_c11558_46292,5570,5570,322.0,4307665.0,0
2022,sidra_6805_v381_c11558_72112,5570,5570,0.0,145018.0,0
2022,sidra_6805_v381_c11558_72113,5570,5570,0.0,115519.0,0
2022,sidra_6805_v381_c11558_92861,5570,5570,0.0,4168.0,0
2022,sidra_9923_v1000093_c1_1,5570,5570,7.33,100.0,0
2022,sidra_9923_v1000093_c1_2,5570,5570,0.0,92.67,0
2022,sidra_9923_v1000093_c1_6795,5570,5570,100.0,100.0,0
2022,sidra_9923_v93_c1_1,5570,5570,197.0,11434786.0,0
2022,sidra_9923_v93_c1_2,5570,5570,0.0,99299.0,0
2022,sidra_9923_v93_c1_6795,5570,5570,833.0,11451999.0,0
2022,vab_administracao_publica_mil_reais,5570,0,,,5570
2022,vab_agropecuaria_mil_reais,5570,0,,,5570
2022,vab_industria_mil_reais,5570,0,,,5570
2022,vab_servicos_mil_reais,5570,0,,,5570
2022,vab_total_mil_reais,5570,0,,,5570
2023,cempre_pessoal_assalariado_desde2022,5570,5570,12.0,5155619.0,0
2023,cempre_pessoal_ocupado_desde2022,5570,5570,63.0,6711684.0,0
2023,cempre_remuneracoes_mil_reais_desde2022,5570,5570,252.0,357322208.0,0
2023,cempre_unidades_locais_desde2022,5570,5570,32.0,1190695.0,0
2023,educ_abandono_fundamental_anos_finais_pct,5570,5569,0.0,25.2,1
2023,educ_abandono_fundamental_anos_iniciais_pct,5570,5569,0.0,13.2,1
2023,educ_abandono_fundamental_pct,5570,5569,0.0,19.2,1
2023,educ_abandono_medio_pct,5570,5563,0.0,37.5,7
2023,educ_aprovacao_fundamental_anos_finais_pct,5570,5569,57.2,100.0,1
2023,educ_aprovacao_fundamental_anos_iniciais_pct,5570,5569,74.0,100.0,1
2023,educ_aprovacao_fundamental_pct,5570,5569,68.8,100.0,1
2023,educ_aprovacao_medio_pct,5570,5563,53.3,100.0,7
2023,educ_reprovacao_fundamental_anos_finais_pct,5570,5569,0.0,35.4,1
2023,educ_reprovacao_fundamental_anos_iniciais_pct,5570,5569,0.0,23.7,1
2023,educ_reprovacao_fundamental_pct,5570,5569,0.0,26.3,1
2023,educ_reprovacao_medio_pct,5570,5563,0.0,34.0,7
2023,impostos_liquidos_mil_reais,5570,0,,,5570
2023,pib_mil_reais,5570,5570,25284.397,1066825104.983,0
2023,pib_per_capita_reais,5570,5570,7201.7,722441.52,0
2023,vab_administracao_publica_mil_reais,5570,0,,,5570
2023,vab_agropecuaria_mil_reais,5570,0,,,5570
2023,vab_industria_mil_reais,5570,0,,,5570
2023,vab_servicos_mil_reais,5570,0,,,5570
2023,vab_total_mil_reais,5570,0,,,5570
