ano,variavel_original,ausentes,linhas_fonte,tipo_armazenamento
2010,NU_INSCRICAO,0,4611614,string
2010,NU_ANO,0,4611614,string
2010,TP_FAIXA_ETARIA,0,4611614,string
2010,TP_SEXO,0,4611614,string
2010,TP_ESTADO_CIVIL,0,4611614,string
2010,TP_COR_RACA,0,4611614,string
2010,TP_ST_CONCLUSAO,0,4611614,string
2010,TP_ENSINO,522668,4611614,string
2010,CO_MUNICIPIO_ESC,3232178,4611614,string
2010,NO_MUNICIPIO_ESC,3232178,4611614,string
2010,CO_UF_ESC,3232178,4611614,string
2010,SG_UF_ESC,3232178,4611614,string
2010,TP_DEPENDENCIA_ADM_ESC,3232178,4611614,string
2010,TP_LOCALIZACAO_ESC,3232178,4611614,string
2010,TP_SIT_FUNC_ESC,3232178,4611614,string
2010,IN_CERTIFICADO,979926,4611614,string
2010,CO_MUNICIPIO_PROVA,0,4611614,string
2010,NO_MUNICIPIO_PROVA,0,4611614,string
2010,CO_UF_PROVA,0,4611614,string
2010,SG_UF_PROVA,0,4611614,string
2010,TP_PRESENCA_CN,2,4611614,string
2010,TP_PRESENCA_CH,2,4611614,string
2010,TP_PRESENCA_LC,2,4611614,string
2010,TP_PRESENCA_MT,2,4611614,string
2010,CO_PROVA_CN,2,4611614,string
2010,CO_PROVA_CH,2,4611614,string
2010,CO_PROVA_LC,2,4611614,string
2010,CO_PROVA_MT,2,4611614,string
2010,NU_NOTA_CN,1236530,4611614,string
2010,NU_NOTA_CH,1236530,4611614,string
2010,NU_NOTA_LC,1364210,4611614,string
2010,NU_NOTA_MT,1364210,4611614,string
2010,TX_RESPOSTAS_CN,1233710,4611614,string
2010,TX_RESPOSTAS_CH,1233710,4611614,string
2010,TX_RESPOSTAS_LC,1356623,4611614,string
2010,TX_RESPOSTAS_MT,1356623,4611614,string
2010,TP_LINGUA,0,4611614,string
2010,TX_GABARITO_CN,2,4611614,string
2010,TX_GABARITO_CH,2,4611614,string
2010,TX_GABARITO_LC,2,4611614,string
2010,TX_GABARITO_MT,2,4611614,string
2010,TP_STATUS_REDACAO,2,4611614,string
2010,NU_NOTA_COMP1,775919,4611614,string
2010,NU_NOTA_COMP2,775919,4611614,string
2010,NU_NOTA_COMP3,775919,4611614,string
2010,NU_NOTA_COMP4,775919,4611614,string
2010,NU_NOTA_COMP5,775919,4611614,string
2010,NU_NOTA_REDACAO,2,4611614,string
2010,Q01,0,4611614,string
2010,Q02,0,4611614,string
2010,Q03,0,4611614,string
2010,Q04,0,4611614,string
2010,Q05,0,4611614,string
2010,Q06,0,4611614,string
2010,Q07,0,4611614,string
2010,Q08,0,4611614,string
2010,Q09,1852082,4611614,string
2010,Q10,1852082,4611614,string
2010,Q11,1852082,4611614,string
2010,Q12,1852082,4611614,string
2010,Q13,1852082,4611614,string
2010,Q14,1852082,4611614,string
2010,Q15,1852082,4611614,string
2010,Q16,1852082,4611614,string
2010,Q17,1852082,4611614,string
2010,Q18,1852082,4611614,string
2010,Q19,1852082,4611614,string
2010,Q20,1852082,4611614,string
2010,Q21,1852082,4611614,string
2010,Q22,1852082,4611614,string
2010,Q23,1852082,4611614,string
2010,Q24,0,4611614,string
2010,Q25,0,4611614,string
2010,Q26,0,4611614,string
2010,Q27,0,4611614,string
2010,Q28,0,4611614,string
2010,Q29,0,4611614,string
2010,Q30,0,4611614,string
2010,Q31,0,4611614,string
2010,Q32,0,4611614,string
2010,Q33,0,4611614,string
2010,Q34,4083063,4611614,string
2010,Q35,4430391,4611614,string
2010,Q36,4430391,4611614,string
2010,Q37,4430391,4611614,string
2010,Q38,4430391,4611614,string
2010,Q39,4430391,4611614,string
2010,Q40,4430391,4611614,string
2010,Q41,4430391,4611614,string
2010,Q42,4430391,4611614,string
2010,Q43,4611614,4611614,string
2010,Q44,4082949,4611614,string
2010,Q45,4082949,4611614,string
2010,Q46,4082949,4611614,string
2010,Q47,4082949,4611614,string
2010,Q48,4082949,4611614,string
2010,Q49,4082949,4611614,string
2010,Q50,4082949,4611614,string
2010,Q51,4082949,4611614,string
2010,Q52,4082949,4611614,string
2010,Q53,4082949,4611614,string
2010,Q54,4082949,4611614,string
2010,Q55,4082949,4611614,string
2010,Q56,4082949,4611614,string
2010,Q57,4082949,4611614,string
2011,NU_INSCRICAO,0,5366931,string
2011,NU_ANO,0,5366931,string
2011,TP_FAIXA_ETARIA,0,5366931,string
2011,TP_SEXO,0,5366931,string
2011,TP_ESTADO_CIVIL,0,5366931,string
2011,TP_COR_RACA,0,5366931,string
2011,TP_ST_CONCLUSAO,0,5366931,string
2011,TP_ANO_CONCLUIU,0,5366931,string
2011,TP_ESCOLA,0,5366931,string
2011,TP_ENSINO,798479,5366931,string
2011,CO_MUNICIPIO_ESC,4163469,5366931,string
2011,NO_MUNICIPIO_ESC,4163469,5366931,string
2011,CO_UF_ESC,4163469,5366931,string
2011,SG_UF_ESC,4163469,5366931,string
2011,TP_DEPENDENCIA_ADM_ESC,4163469,5366931,string
2011,TP_LOCALIZACAO_ESC,4163469,5366931,string
2011,TP_SIT_FUNC_ESC,4163469,5366931,string
2011,IN_CERTIFICADO,0,5366931,string
2011,NO_ENTIDADE_CERTIFICACAO,4822831,5366931,string
2011,CO_UF_ENTIDADE_CERTIFICACAO,4822831,5366931,string
2011,SG_UF_ENTIDADE_CERTIFICACAO,4822831,5366931,string
2011,CO_MUNICIPIO_PROVA,0,5366931,string
2011,NO_MUNICIPIO_PROVA,0,5366931,string
2011,CO_UF_PROVA,0,5366931,string
2011,SG_UF_PROVA,0,5366931,string
2011,TP_PRESENCA_CN,0,5366931,string
2011,TP_PRESENCA_CH,0,5366931,string
2011,TP_PRESENCA_LC,0,5366931,string
2011,TP_PRESENCA_MT,0,5366931,string
2011,CO_PROVA_CN,0,5366931,string
2011,CO_PROVA_CH,0,5366931,string
2011,CO_PROVA_LC,0,5366931,string
2011,CO_PROVA_MT,0,5366931,string
2011,NU_NOTA_CN,1384276,5366931,string
2011,NU_NOTA_CH,1384276,5366931,string
2011,NU_NOTA_LC,1498040,5366931,string
2011,NU_NOTA_MT,1498040,5366931,string
2011,TX_RESPOSTAS_CN,1384276,5366931,string
2011,TX_RESPOSTAS_CH,1384276,5366931,string
2011,TX_RESPOSTAS_LC,1498040,5366931,string
2011,TX_RESPOSTAS_MT,1498040,5366931,string
2011,TP_LINGUA,0,5366931,string
2011,TX_GABARITO_CN,0,5366931,string
2011,TX_GABARITO_CH,0,5366931,string
2011,TX_GABARITO_LC,0,5366931,string
2011,TX_GABARITO_MT,0,5366931,string
2011,TP_STATUS_REDACAO,0,5366931,string
2011,NU_NOTA_COMP1,0,5366931,string
2011,NU_NOTA_COMP2,0,5366931,string
2011,NU_NOTA_COMP3,0,5366931,string
2011,NU_NOTA_COMP4,0,5366931,string
2011,NU_NOTA_COMP5,0,5366931,string
2011,NU_NOTA_REDACAO,0,5366931,string
2011,Q001,0,5366931,string
2011,Q002,0,5366931,string
2011,Q003,0,5366931,string
2011,Q004,0,5366931,string
2011,Q005,0,5366931,string
2011,Q006,0,5366931,string
2011,Q007,0,5366931,string
2011,Q008,0,5366931,string
2011,Q009,2660528,5366931,string
2011,Q010,2660528,5366931,string
2011,Q011,2660528,5366931,string
2011,Q012,2660528,5366931,string
2011,Q013,2660528,5366931,string
2011,Q014,2660528,5366931,string
2011,Q015,2660528,5366931,string
2011,Q016,2660528,5366931,string
2011,Q017,2660528,5366931,string
2011,Q018,2660528,5366931,string
2011,Q019,2660528,5366931,string
2011,Q020,2660528,5366931,string
2011,Q021,2660528,5366931,string
2011,Q022,2660528,5366931,string
2011,Q023,2660528,5366931,string
2011,Q024,0,5366931,string
2011,Q025,0,5366931,string
2011,Q026,0,5366931,string
2011,Q027,0,5366931,string
2011,Q028,0,5366931,string
2011,Q029,0,5366931,string
2011,Q030,0,5366931,string
2011,Q031,0,5366931,string
2011,Q032,0,5366931,string
2011,Q033,0,5366931,string
2011,Q034,4822862,5366931,string
2011,Q035,5160229,5366931,string
2011,Q036,5160229,5366931,string
2011,Q037,5160229,5366931,string
2011,Q038,5160229,5366931,string
2011,Q039,5160229,5366931,string
2011,Q040,5160229,5366931,string
2011,Q041,5160229,5366931,string
2011,Q042,5160229,5366931,string
2011,Q043,4821179,5366931,string
2011,Q044,4821179,5366931,string
2011,Q045,4821179,5366931,string
2011,Q046,4821179,5366931,string
2011,Q047,4821179,5366931,string
2011,Q048,4821179,5366931,string
2011,Q049,4821179,5366931,string
2011,Q050,4821179,5366931,string
2011,Q051,4821179,5366931,string
2011,Q052,4821179,5366931,string
2011,Q053,4821179,5366931,string
2011,Q054,4821179,5366931,string
2011,Q055,4821179,5366931,string
2011,Q056,4821179,5366931,string
2011,Q057,0,5366931,string
2011,Q058,0,5366931,string
2011,Q059,0,5366931,string
2011,Q060,0,5366931,string
2011,Q061,0,5366931,string
2011,Q062,0,5366931,string
2011,Q063,0,5366931,string
2011,Q064,0,5366931,string
2011,Q065,0,5366931,string
2011,Q066,0,5366931,string
2011,Q067,0,5366931,string
2011,Q068,0,5366931,string
2011,Q069,0,5366931,string
2011,Q070,0,5366931,string
2011,Q071,0,5366931,string
2011,Q072,0,5366931,string
2011,Q073,0,5366931,string
2011,Q074,0,5366931,string
2011,Q075,0,5366931,string
2012,NU_INSCRICAO,0,5791065,string
2012,NU_ANO,0,5791065,string
2012,TP_FAIXA_ETARIA,0,5791065,string
2012,TP_SEXO,0,5791065,string
2012,TP_ESTADO_CIVIL,0,5791065,string
2012,TP_COR_RACA,0,5791065,string
2012,TP_ST_CONCLUSAO,0,5791065,string
2012,TP_ANO_CONCLUIU,2549921,5791065,string
2012,TP_ESCOLA,4271812,5791065,string
2012,TP_ENSINO,1030643,5791065,string
2012,CO_MUNICIPIO_ESC,4265184,5791065,string
2012,NO_MUNICIPIO_ESC,4265184,5791065,string
2012,CO_UF_ESC,4265184,5791065,string
2012,SG_UF_ESC,4265184,5791065,string
2012,TP_DEPENDENCIA_ADM_ESC,4265184,5791065,string
2012,TP_LOCALIZACAO_ESC,4265184,5791065,string
2012,TP_SIT_FUNC_ESC,4265184,5791065,string
2012,IN_CERTIFICADO,0,5791065,string
2012,NO_ENTIDADE_CERTIFICACAO,5153950,5791065,string
2012,CO_UF_ENTIDADE_CERTIFICACAO,5153950,5791065,string
2012,SG_UF_ENTIDADE_CERTIFICACAO,5153950,5791065,string
2012,CO_MUNICIPIO_PROVA,0,5791065,string
2012,NO_MUNICIPIO_PROVA,0,5791065,string
2012,CO_UF_PROVA,0,5791065,string
2012,SG_UF_PROVA,0,5791065,string
2012,TP_PRESENCA_CN,0,5791065,string
2012,TP_PRESENCA_CH,0,5791065,string
2012,TP_PRESENCA_LC,0,5791065,string
2012,TP_PRESENCA_MT,0,5791065,string
2012,CO_PROVA_CN,1572267,5791065,string
2012,CO_PROVA_CH,1572267,5791065,string
2012,CO_PROVA_LC,1697181,5791065,string
2012,CO_PROVA_MT,1697181,5791065,string
2012,NU_NOTA_CN,1572267,5791065,string
2012,NU_NOTA_CH,1572267,5791065,string
2012,NU_NOTA_LC,1697181,5791065,string
2012,NU_NOTA_MT,1697181,5791065,string
2012,TX_RESPOSTAS_CN,1571125,5791065,string
2012,TX_RESPOSTAS_CH,1571125,5791065,string
2012,TX_RESPOSTAS_LC,1697081,5791065,string
2012,TX_RESPOSTAS_MT,1697081,5791065,string
2012,TP_LINGUA,1697181,5791065,string
2012,TX_GABARITO_CN,1572267,5791065,string
2012,TX_GABARITO_CH,1572267,5791065,string
2012,TX_GABARITO_LC,1697181,5791065,string
2012,TX_GABARITO_MT,1697181,5791065,string
2012,TP_STATUS_REDACAO,0,5791065,string
2012,NU_NOTA_COMP1,1835848,5791065,string
2012,NU_NOTA_COMP2,1835848,5791065,string
2012,NU_NOTA_COMP3,1835848,5791065,string
2012,NU_NOTA_COMP4,1835848,5791065,string
2012,NU_NOTA_COMP5,1835848,5791065,string
2012,NU_NOTA_REDACAO,1835847,5791065,string
2012,Q001,0,5791065,string
2012,Q002,0,5791065,string
2012,Q003,0,5791065,string
2012,Q004,0,5791065,string
2012,Q005,0,5791065,string
2012,Q006,0,5791065,string
2012,Q007,0,5791065,string
2012,Q008,0,5791065,string
2012,Q009,0,5791065,string
2012,Q010,0,5791065,string
2012,Q011,0,5791065,string
2012,Q012,0,5791065,string
2012,Q013,0,5791065,string
2012,Q014,0,5791065,string
2012,Q015,0,5791065,string
2012,Q016,0,5791065,string
2012,Q017,0,5791065,string
2012,Q018,0,5791065,string
2012,Q019,0,5791065,string
2012,Q020,0,5791065,string
2012,Q021,0,5791065,string
2012,Q022,0,5791065,string
2012,Q023,0,5791065,string
2012,Q024,0,5791065,string
2012,Q025,0,5791065,string
2012,Q026,0,5791065,string
2012,Q027,0,5791065,string
2012,Q028,0,5791065,string
2012,Q029,0,5791065,string
2012,Q030,0,5791065,string
2012,Q031,0,5791065,string
2012,Q032,0,5791065,string
2012,Q033,0,5791065,string
2012,Q034,0,5791065,string
2012,Q035,0,5791065,string
2012,Q036,0,5791065,string
2012,Q037,0,5791065,string
2012,Q038,0,5791065,string
2012,Q039,0,5791065,string
2012,Q040,5153951,5791065,string
2012,Q041,5556777,5791065,string
2012,Q042,5556777,5791065,string
2012,Q043,5556777,5791065,string
2012,Q044,5556777,5791065,string
2012,Q045,5556777,5791065,string
2012,Q046,5553966,5791065,string
2012,Q047,5556777,5791065,string
2012,Q048,5556777,5791065,string
2012,Q049,5553966,5791065,string
2012,Q050,5152999,5791065,string
2012,Q051,5147881,5791065,string
2012,Q052,5147881,5791065,string
2012,Q053,5147881,5791065,string
2012,Q054,5147881,5791065,string
2012,Q055,5147881,5791065,string
2012,Q056,5147881,5791065,string
2012,Q057,5147881,5791065,string
2012,Q058,5147881,5791065,string
2012,Q059,5147881,5791065,string
2012,Q060,5147881,5791065,string
2012,Q061,5147881,5791065,string
2012,Q062,5152999,5791065,string
2013,NU_INSCRICAO,0,7173563,string
2013,NU_ANO,0,7173563,string
2013,TP_FAIXA_ETARIA,0,7173563,string
2013,TP_SEXO,0,7173563,string
2013,TP_NACIONALIDADE,0,7173563,string
2013,TP_ST_CONCLUSAO,0,7173563,string
2013,ANO_CONCLUIU,3130198,7173563,string
2013,TP_ESCOLA,5546683,7173563,string
2013,TP_ENSINO,1503253,7173563,string
2013,TP_ESTADO_CIVIL,0,7173563,string
2013,TP_COR_RACA,0,7173563,string
2013,CO_MUNICIPIO_ESC,5537715,7173563,string
2013,NO_MUNICIPIO_ESC,5537715,7173563,string
2013,CO_UF_ESC,5537715,7173563,string
2013,SG_UF_ESC,5537715,7173563,string
2013,TP_DEPENDENCIA_ADM_ESC,5537715,7173563,string
2013,TP_LOCALIZACAO_ESC,5537715,7173563,string
2013,TP_SIT_FUNC_ESC,5537715,7173563,string
2013,IN_CERTIFICADO,5795332,7173563,string
2013,NO_ENTIDADE_CERTIFICACAO,6388842,7173563,string
2013,CO_UF_ENTIDADE_CERTIFICACAO,6388842,7173563,string
2013,SG_UF_ENTIDADE_CERTIFICACAO,6388842,7173563,string
2013,CO_MUNICIPIO_PROVA,0,7173563,string
2013,NO_MUNICIPIO_PROVA,0,7173563,string
2013,CO_UF_PROVA,0,7173563,string
2013,SG_UF_PROVA,0,7173563,string
2013,TP_PRESENCA_CN,0,7173563,string
2013,TP_PRESENCA_CH,0,7173563,string
2013,TP_PRESENCA_LC,0,7173563,string
2013,TP_PRESENCA_MT,0,7173563,string
2013,CO_PROVA_CN,0,7173563,string
2013,CO_PROVA_CH,0,7173563,string
2013,CO_PROVA_LC,0,7173563,string
2013,CO_PROVA_MT,0,7173563,string
2013,NU_NOTA_CN,1971209,7173563,string
2013,NU_NOTA_CH,1971209,7173563,string
2013,NU_NOTA_LC,2146340,7173563,string
2013,NU_NOTA_MT,2146340,7173563,string
2013,TX_RESPOSTAS_CN,0,7173563,string
2013,TX_RESPOSTAS_CH,0,7173563,string
2013,TX_RESPOSTAS_LC,0,7173563,string
2013,TX_RESPOSTAS_MT,0,7173563,string
2013,TP_LINGUA,0,7173563,string
2013,TX_GABARITO_CN,1971209,7173563,string
2013,TX_GABARITO_CH,1971209,7173563,string
2013,TX_GABARITO_LC,2146340,7173563,string
2013,TX_GABARITO_MT,2146340,7173563,string
2013,TP_STATUS_REDACAO,0,7173563,string
2013,NU_NOTA_COMP1,537,7173563,string
2013,NU_NOTA_COMP2,537,7173563,string
2013,NU_NOTA_COMP3,537,7173563,string
2013,NU_NOTA_COMP4,537,7173563,string
2013,NU_NOTA_COMP5,537,7173563,string
2013,NU_NOTA_REDACAO,0,7173563,string
2013,Q001,0,7173563,string
2013,Q002,0,7173563,string
2013,Q003,0,7173563,string
2013,Q004,0,7173563,string
2013,Q005,0,7173563,string
2013,Q006,0,7173563,string
2013,Q007,0,7173563,string
2013,Q008,0,7173563,string
2013,Q009,0,7173563,string
2013,Q010,0,7173563,string
2013,Q011,0,7173563,string
2013,Q012,0,7173563,string
2013,Q013,0,7173563,string
2013,Q014,0,7173563,string
2013,Q015,0,7173563,string
2013,Q016,0,7173563,string
2013,Q017,0,7173563,string
2013,Q018,0,7173563,string
2013,Q019,0,7173563,string
2013,Q020,0,7173563,string
2013,Q021,0,7173563,string
2013,Q022,0,7173563,string
2013,Q023,0,7173563,string
2013,Q024,0,7173563,string
2013,Q025,0,7173563,string
2013,Q026,0,7173563,string
2013,Q027,0,7173563,string
2013,Q028,0,7173563,string
2013,Q029,0,7173563,string
2013,Q030,0,7173563,string
2013,Q031,0,7173563,string
2013,Q032,0,7173563,string
2013,Q033,0,7173563,string
2013,Q034,0,7173563,string
2013,Q035,0,7173563,string
2013,Q036,0,7173563,string
2013,Q037,0,7173563,string
2013,Q038,0,7173563,string
2013,Q039,0,7173563,string
2013,Q040,2749381,7173563,string
2013,Q041,2749381,7173563,string
2013,Q042,2749381,7173563,string
2013,Q043,2749381,7173563,string
2013,Q044,2749381,7173563,string
2013,Q045,2749381,7173563,string
2013,Q046,2749381,7173563,string
2013,Q047,2749381,7173563,string
2013,Q048,2749381,7173563,string
2013,Q049,2749381,7173563,string
2013,Q050,2749381,7173563,string
2013,Q051,2749381,7173563,string
2013,Q052,2749381,7173563,string
2013,Q053,2749381,7173563,string
2013,Q054,6388843,7173563,string
2013,Q055,6872754,7173563,string
2013,Q056,6872754,7173563,string
2013,Q057,6872754,7173563,string
2013,Q058,6872754,7173563,string
2013,Q059,6872754,7173563,string
2013,Q060,6871279,7173563,string
2013,Q061,6872754,7173563,string
2013,Q062,6872754,7173563,string
2013,Q063,6871279,7173563,string
2013,Q064,6388814,7173563,string
2013,Q065,6383685,7173563,string
2013,Q066,6383685,7173563,string
2013,Q067,6383685,7173563,string
2013,Q068,6383685,7173563,string
2013,Q069,6383685,7173563,string
2013,Q070,6383685,7173563,string
2013,Q071,6383685,7173563,string
2013,Q072,6383685,7173563,string
2013,Q073,6383685,7173563,string
2013,Q074,6383685,7173563,string
2013,Q075,6383685,7173563,string
2013,Q076,6388814,7173563,string
2014,NU_INSCRICAO,0,8722248,string
2014,NU_ANO,0,8722248,string
2014,TP_FAIXA_ETARIA,0,8722248,string
2014,TP_SEXO,0,8722248,string
2014,TP_ESTADO_CIVIL,0,8722248,string
2014,TP_COR_RACA,0,8722248,string
2014,TP_NACIONALIDADE,0,8722248,string
2014,TP_ST_CONCLUSAO,0,8722248,string
2014,TP_ANO_CONCLUIU,3737999,8722248,string
2014,TP_ESCOLA,1989395,8722248,string
2014,TP_ENSINO,1989392,8722248,string
2014,CO_MUNICIPIO_ESC,6963897,8722248,string
2014,NO_MUNICIPIO_ESC,6963897,8722248,string
2014,CO_UF_ESC,6963897,8722248,string
2014,SG_UF_ESC,6963897,8722248,string
2014,TP_DEPENDENCIA_ADM_ESC,6963897,8722248,string
2014,TP_LOCALIZACAO_ESC,6963897,8722248,string
2014,TP_SIT_FUNC_ESC,6963897,8722248,string
2014,IN_CERTIFICADO,7044228,8722248,string
2014,NO_ENTIDADE_CERTIFICACAO,7725392,8722248,string
2014,CO_UF_ENTIDADE_CERTIFICACAO,7725392,8722248,string
2014,SG_UF_ENTIDADE_CERTIFICACAO,7725392,8722248,string
2014,CO_MUNICIPIO_PROVA,0,8722248,string
2014,NO_MUNICIPIO_PROVA,0,8722248,string
2014,CO_UF_PROVA,0,8722248,string
2014,SG_UF_PROVA,0,8722248,string
2014,TP_PRESENCA_CN,0,8722248,string
2014,TP_PRESENCA_CH,0,8722248,string
2014,TP_PRESENCA_LC,0,8722248,string
2014,TP_PRESENCA_MT,0,8722248,string
2014,CO_PROVA_CN,0,8722248,string
2014,CO_PROVA_CH,0,8722248,string
2014,CO_PROVA_LC,0,8722248,string
2014,CO_PROVA_MT,0,8722248,string
2014,NU_NOTA_CN,2559491,8722248,string
2014,NU_NOTA_CH,2559491,8722248,string
2014,NU_NOTA_LC,2743554,8722248,string
2014,NU_NOTA_MT,2743554,8722248,string
2014,TX_RESPOSTAS_CN,2,8722248,string
2014,TX_RESPOSTAS_CH,2,8722248,string
2014,TX_RESPOSTAS_LC,4,8722248,string
2014,TX_RESPOSTAS_MT,4,8722248,string
2014,TP_LINGUA,0,8722248,string
2014,TX_GABARITO_CN,2559491,8722248,string
2014,TX_GABARITO_CH,2559491,8722248,string
2014,TX_GABARITO_LC,2743554,8722248,string
2014,TX_GABARITO_MT,2743554,8722248,string
2014,TP_STATUS_REDACAO,0,8722248,string
2014,NU_NOTA_COMP1,0,8722248,string
2014,NU_NOTA_COMP2,0,8722248,string
2014,NU_NOTA_COMP3,0,8722248,string
2014,NU_NOTA_COMP4,0,8722248,string
2014,NU_NOTA_COMP5,0,8722248,string
2014,NU_NOTA_REDACAO,0,8722248,string
2014,Q001,0,8722248,string
2014,Q002,0,8722248,string
2014,Q003,0,8722248,string
2014,Q004,0,8722248,string
2014,Q005,0,8722248,string
2014,Q006,0,8722248,string
2014,Q007,0,8722248,string
2014,Q008,0,8722248,string
2014,Q009,0,8722248,string
2014,Q010,0,8722248,string
2014,Q011,0,8722248,string
2014,Q012,0,8722248,string
2014,Q013,0,8722248,string
2014,Q014,0,8722248,string
2014,Q015,0,8722248,string
2014,Q016,0,8722248,string
2014,Q017,0,8722248,string
2014,Q018,0,8722248,string
2014,Q019,0,8722248,string
2014,Q020,0,8722248,string
2014,Q021,0,8722248,string
2014,Q022,0,8722248,string
2014,Q023,0,8722248,string
2014,Q024,0,8722248,string
2014,Q025,8640147,8722248,string
2014,Q026,0,8722248,string
2014,Q027,0,8722248,string
2014,Q028,0,8722248,string
2014,Q029,0,8722248,string
2014,Q030,0,8722248,string
2014,Q031,3169932,8722248,string
2014,Q032,3169932,8722248,string
2014,Q033,0,8722248,string
2014,Q034,3096240,8722248,string
2014,Q035,3096240,8722248,string
2014,Q036,0,8722248,string
2014,Q037,0,8722248,string
2014,Q038,0,8722248,string
2014,Q039,0,8722248,string
2014,Q040,3338609,8722248,string
2014,Q041,3338609,8722248,string
2014,Q042,3338609,8722248,string
2014,Q043,3338609,8722248,string
2014,Q044,3338609,8722248,string
2014,Q045,3338609,8722248,string
2014,Q046,3338609,8722248,string
2014,Q047,3338609,8722248,string
2014,Q048,3338609,8722248,string
2014,Q049,3338609,8722248,string
2014,Q050,3338609,8722248,string
2014,Q051,3338609,8722248,string
2014,Q052,3338609,8722248,string
2014,Q053,3338609,8722248,string
2014,Q054,7723684,8722248,string
2014,Q055,8338832,8722248,string
2014,Q056,8338832,8722248,string
2014,Q057,8338832,8722248,string
2014,Q058,8338832,8722248,string
2014,Q059,8338832,8722248,string
2014,Q060,8338449,8722248,string
2014,Q061,8338832,8722248,string
2014,Q062,8338832,8722248,string
2014,Q063,8338449,8722248,string
2014,Q064,7725169,8722248,string
2014,Q065,7902550,8722248,string
2014,Q066,7902550,8722248,string
2014,Q067,7902550,8722248,string
2014,Q068,7902550,8722248,string
2014,Q069,7902550,8722248,string
2014,Q070,7902550,8722248,string
2014,Q071,7902550,8722248,string
2014,Q072,7902550,8722248,string
2014,Q073,7902550,8722248,string
2014,Q074,7902550,8722248,string
2014,Q075,7902550,8722248,string
2014,Q076,7904137,8722248,string
2015,NU_INSCRICAO,0,7746427,string
2015,NU_ANO,0,7746427,string
2015,TP_FAIXA_ETARIA,0,7746427,string
2015,TP_SEXO,0,7746427,string
2015,TP_ESTADO_CIVIL,323232,7746427,string
2015,TP_COR_RACA,0,7746427,string
2015,TP_NACIONALIDADE,0,7746427,string
2015,TP_ST_CONCLUSAO,0,7746427,string
2015,TP_ANO_CONCLUIU,0,7746427,string
2015,TP_ESCOLA,0,7746427,string
2015,TP_ENSINO,6097192,7746427,string
2015,IN_TREINEIRO,0,7746427,string
2015,CO_MUNICIPIO_ESC,6097169,7746427,string
2015,NO_MUNICIPIO_ESC,6097169,7746427,string
2015,CO_UF_ESC,6097169,7746427,string
2015,SG_UF_ESC,6097169,7746427,string
2015,TP_DEPENDENCIA_ADM_ESC,6097169,7746427,string
2015,TP_LOCALIZACAO_ESC,6097169,7746427,string
2015,TP_SIT_FUNC_ESC,6098932,7746427,string
2015,IN_CERTIFICADO,0,7746427,string
2015,NO_ENTIDADE_CERTIFICACAO,6878317,7746427,string
2015,CO_UF_ENTIDADE_CERTIFICACAO,6878317,7746427,string
2015,SG_UF_ENTIDADE_CERTIFICACAO,6878317,7746427,string
2015,CO_MUNICIPIO_PROVA,0,7746427,string
2015,NO_MUNICIPIO_PROVA,0,7746427,string
2015,CO_UF_PROVA,0,7746427,string
2015,SG_UF_PROVA,0,7746427,string
2015,TP_PRESENCA_CN,343,7746427,string
2015,TP_PRESENCA_CH,343,7746427,string
2015,TP_PRESENCA_LC,319,7746427,string
2015,TP_PRESENCA_MT,319,7746427,string
2015,CO_PROVA_CN,1991336,7746427,string
2015,CO_PROVA_CH,1991336,7746427,string
2015,CO_PROVA_LC,2120887,7746427,string
2015,CO_PROVA_MT,2120887,7746427,string
2015,NU_NOTA_CN,1991336,7746427,string
2015,NU_NOTA_CH,1991336,7746427,string
2015,NU_NOTA_LC,2120887,7746427,string
2015,NU_NOTA_MT,2120887,7746427,string
2015,TX_RESPOSTAS_CN,1991336,7746427,string
2015,TX_RESPOSTAS_CH,1991336,7746427,string
2015,TX_RESPOSTAS_LC,2120887,7746427,string
2015,TX_RESPOSTAS_MT,2120887,7746427,string
2015,TP_LINGUA,0,7746427,string
2015,TX_GABARITO_CN,1991336,7746427,string
2015,TX_GABARITO_CH,1991336,7746427,string
2015,TX_GABARITO_LC,2120887,7746427,string
2015,TX_GABARITO_MT,2120887,7746427,string
2015,TP_STATUS_REDACAO,318,7746427,string
2015,NU_NOTA_COMP1,1691,7746427,string
2015,NU_NOTA_COMP2,1691,7746427,string
2015,NU_NOTA_COMP3,1691,7746427,string
2015,NU_NOTA_COMP4,1691,7746427,string
2015,NU_NOTA_COMP5,1691,7746427,string
2015,NU_NOTA_REDACAO,1691,7746427,string
2015,Q001,684,7746427,string
2015,Q002,686,7746427,string
2015,Q003,690,7746427,string
2015,Q004,691,7746427,string
2015,Q005,694,7746427,string
2015,Q006,695,7746427,string
2015,Q007,700,7746427,string
2015,Q008,702,7746427,string
2015,Q009,702,7746427,string
2015,Q010,708,7746427,string
2015,Q011,712,7746427,string
2015,Q012,719,7746427,string
2015,Q013,724,7746427,string
2015,Q014,725,7746427,string
2015,Q015,728,7746427,string
2015,Q016,729,7746427,string
2015,Q017,732,7746427,string
2015,Q018,734,7746427,string
2015,Q019,736,7746427,string
2015,Q020,743,7746427,string
2015,Q021,746,7746427,string
2015,Q022,749,7746427,string
2015,Q023,754,7746427,string
2015,Q024,757,7746427,string
2015,Q025,762,7746427,string
2015,Q026,765,7746427,string
2015,Q027,3114607,7746427,string
2015,Q028,3114607,7746427,string
2015,Q029,3114608,7746427,string
2015,Q030,3114612,7746427,string
2015,Q031,3114612,7746427,string
2015,Q032,3114614,7746427,string
2015,Q033,3114614,7746427,string
2015,Q034,777,7746427,string
2015,Q035,779,7746427,string
2015,Q036,779,7746427,string
2015,Q037,784,7746427,string
2015,Q038,785,7746427,string
2015,Q039,785,7746427,string
2015,Q040,785,7746427,string
2015,Q041,5158462,7746427,string
2015,Q042,788,7746427,string
2015,Q043,789,7746427,string
2015,Q044,792,7746427,string
2015,Q045,794,7746427,string
2015,Q046,797,7746427,string
2015,Q047,800,7746427,string
2015,Q048,800,7746427,string
2015,Q049,801,7746427,string
2015,Q050,801,7746427,string
2016,NU_INSCRICAO,0,8627179,string
2016,NU_ANO,0,8627179,string
2016,TP_FAIXA_ETARIA,0,8627179,string
2016,TP_SEXO,0,8627179,string
2016,TP_ESTADO_CIVIL,380534,8627179,string
2016,TP_COR_RACA,0,8627179,string
2016,TP_NACIONALIDADE,0,8627179,string
2016,TP_ST_CONCLUSAO,0,8627179,string
2016,TP_ANO_CONCLUIU,0,8627179,string
2016,TP_ESCOLA,0,8627179,string
2016,TP_ENSINO,6745925,8627179,string
2016,IN_TREINEIRO,0,8627179,string
2016,CO_MUNICIPIO_ESC,6745956,8627179,string
2016,NO_MUNICIPIO_ESC,6745956,8627179,string
2016,CO_UF_ESC,6745956,8627179,string
2016,SG_UF_ESC,6745956,8627179,string
2016,TP_DEPENDENCIA_ADM_ESC,6745956,8627179,string
2016,TP_LOCALIZACAO_ESC,6745956,8627179,string
2016,TP_SIT_FUNC_ESC,6745995,8627179,string
2016,IN_CERTIFICADO,0,8627179,string
2016,NO_ENTIDADE_CERTIFICACAO,7635925,8627179,string
2016,CO_UF_ENTIDADE_CERTIFICACAO,7635925,8627179,string
2016,SG_UF_ENTIDADE_CERTIFICACAO,7635925,8627179,string
2016,CO_MUNICIPIO_PROVA,0,8627179,string
2016,NO_MUNICIPIO_PROVA,0,8627179,string
2016,CO_UF_PROVA,0,8627179,string
2016,SG_UF_PROVA,0,8627179,string
2016,TP_PRESENCA_CN,374,8627179,string
2016,TP_PRESENCA_CH,374,8627179,string
2016,TP_PRESENCA_LC,374,8627179,string
2016,TP_PRESENCA_MT,374,8627179,string
2016,CO_PROVA_CN,2628241,8627179,string
2016,CO_PROVA_CH,2628241,8627179,string
2016,CO_PROVA_LC,2782390,8627179,string
2016,CO_PROVA_MT,2782390,8627179,string
2016,NU_NOTA_CN,2628241,8627179,string
2016,NU_NOTA_CH,2628241,8627179,string
2016,NU_NOTA_LC,2782390,8627179,string
2016,NU_NOTA_MT,2782390,8627179,string
2016,TX_RESPOSTAS_CN,2628241,8627179,string
2016,TX_RESPOSTAS_CH,2628241,8627179,string
2016,TX_RESPOSTAS_LC,2782390,8627179,string
2016,TX_RESPOSTAS_MT,2782390,8627179,string
2016,TP_LINGUA,0,8627179,string
2016,TX_GABARITO_CN,2628241,8627179,string
2016,TX_GABARITO_CH,2628241,8627179,string
2016,TX_GABARITO_LC,2782390,8627179,string
2016,TX_GABARITO_MT,2782390,8627179,string
2016,TP_STATUS_REDACAO,2782390,8627179,string
2016,NU_NOTA_COMP1,2782390,8627179,string
2016,NU_NOTA_COMP2,2782390,8627179,string
2016,NU_NOTA_COMP3,2782390,8627179,string
2016,NU_NOTA_COMP4,2782390,8627179,string
2016,NU_NOTA_COMP5,2782390,8627179,string
2016,NU_NOTA_REDACAO,2782390,8627179,string
2016,Q001,4,8627179,string
2016,Q002,4,8627179,string
2016,Q003,4,8627179,string
2016,Q004,4,8627179,string
2016,Q005,4,8627179,string
2016,Q006,4,8627179,string
2016,Q007,4,8627179,string
2016,Q008,4,8627179,string
2016,Q009,4,8627179,string
2016,Q010,4,8627179,string
2016,Q011,4,8627179,string
2016,Q012,4,8627179,string
2016,Q013,4,8627179,string
2016,Q014,4,8627179,string
2016,Q015,4,8627179,string
2016,Q016,4,8627179,string
2016,Q017,4,8627179,string
2016,Q018,4,8627179,string
2016,Q019,4,8627179,string
2016,Q020,4,8627179,string
2016,Q021,4,8627179,string
2016,Q022,4,8627179,string
2016,Q023,4,8627179,string
2016,Q024,4,8627179,string
2016,Q025,4,8627179,string
2016,Q026,4,8627179,string
2016,Q027,3837536,8627179,string
2016,Q028,3837869,8627179,string
2016,Q029,3838168,8627179,string
2016,Q030,3838337,8627179,string
2016,Q031,3838387,8627179,string
2016,Q032,3838436,8627179,string
2016,Q033,3838477,8627179,string
2016,Q034,4,8627179,string
2016,Q035,4,8627179,string
2016,Q036,4,8627179,string
2016,Q037,4,8627179,string
2016,Q038,4,8627179,string
2016,Q039,4,8627179,string
2016,Q040,4,8627179,string
2016,Q041,6141405,8627179,string
2016,Q042,4,8627179,string
2016,Q043,4,8627179,string
2016,Q044,4,8627179,string
2016,Q045,4,8627179,string
2016,Q046,4,8627179,string
2016,Q047,4,8627179,string
2016,Q048,4,8627179,string
2016,Q049,4,8627179,string
2016,Q050,4,8627179,string
2017,NU_INSCRICAO,0,6731278,string
2017,NU_ANO,0,6731278,string
2017,TP_FAIXA_ETARIA,0,6731278,string
2017,TP_SEXO,0,6731278,string
2017,TP_ESTADO_CIVIL,0,6731278,string
2017,TP_COR_RACA,0,6731278,string
2017,TP_NACIONALIDADE,0,6731278,string
2017,TP_ST_CONCLUSAO,0,6731278,string
2017,TP_ANO_CONCLUIU,0,6731278,string
2017,TP_ESCOLA,0,6731278,string
2017,TP_ENSINO,4945406,6731278,string
2017,IN_TREINEIRO,0,6731278,string
2017,CO_MUNICIPIO_ESC,4945397,6731278,string
2017,NO_MUNICIPIO_ESC,4945397,6731278,string
2017,CO_UF_ESC,4945397,6731278,string
2017,SG_UF_ESC,4945397,6731278,string
2017,TP_DEPENDENCIA_ADM_ESC,4945397,6731278,string
2017,TP_LOCALIZACAO_ESC,4945397,6731278,string
2017,TP_SIT_FUNC_ESC,4951352,6731278,string
2017,CO_MUNICIPIO_PROVA,0,6731278,string
2017,NO_MUNICIPIO_PROVA,0,6731278,string
2017,CO_UF_PROVA,0,6731278,string
2017,SG_UF_PROVA,0,6731278,string
2017,TP_PRESENCA_CN,227,6731278,string
2017,TP_PRESENCA_CH,227,6731278,string
2017,TP_PRESENCA_LC,227,6731278,string
2017,TP_PRESENCA_MT,227,6731278,string
2017,CO_PROVA_CN,2293781,6731278,string
2017,CO_PROVA_CH,2029913,6731278,string
2017,CO_PROVA_LC,2029913,6731278,string
2017,CO_PROVA_MT,2293781,6731278,string
2017,NU_NOTA_CN,2293781,6731278,string
2017,NU_NOTA_CH,2029913,6731278,string
2017,NU_NOTA_LC,2029913,6731278,string
2017,NU_NOTA_MT,2293781,6731278,string
2017,TX_RESPOSTAS_CN,2293781,6731278,string
2017,TX_RESPOSTAS_CH,2029913,6731278,string
2017,TX_RESPOSTAS_LC,2029913,6731278,string
2017,TX_RESPOSTAS_MT,2293781,6731278,string
2017,TP_LINGUA,0,6731278,string
2017,TX_GABARITO_CN,2293781,6731278,string
2017,TX_GABARITO_CH,2029913,6731278,string
2017,TX_GABARITO_LC,2029913,6731278,string
2017,TX_GABARITO_MT,2293781,6731278,string
2017,TP_STATUS_REDACAO,2029913,6731278,string
2017,NU_NOTA_COMP1,2029913,6731278,string
2017,NU_NOTA_COMP2,2029913,6731278,string
2017,NU_NOTA_COMP3,2029913,6731278,string
2017,NU_NOTA_COMP4,2029913,6731278,string
2017,NU_NOTA_COMP5,2029913,6731278,string
2017,NU_NOTA_REDACAO,2029913,6731278,string
2017,Q001,0,6731278,string
2017,Q002,0,6731278,string
2017,Q003,1,6731278,string
2017,Q004,1,6731278,string
2017,Q005,1,6731278,string
2017,Q006,1,6731278,string
2017,Q007,1,6731278,string
2017,Q008,1,6731278,string
2017,Q009,1,6731278,string
2017,Q010,1,6731278,string
2017,Q011,1,6731278,string
2017,Q012,1,6731278,string
2017,Q013,1,6731278,string
2017,Q014,1,6731278,string
2017,Q015,1,6731278,string
2017,Q016,1,6731278,string
2017,Q017,1,6731278,string
2017,Q018,1,6731278,string
2017,Q019,1,6731278,string
2017,Q020,1,6731278,string
2017,Q021,1,6731278,string
2017,Q022,1,6731278,string
2017,Q023,1,6731278,string
2017,Q024,1,6731278,string
2017,Q025,1,6731278,string
2017,Q026,2,6731278,string
2017,Q027,1,6731278,string
2018,NU_INSCRICAO,0,5513733,string
2018,NU_ANO,0,5513733,string
2018,TP_FAIXA_ETARIA,0,5513733,string
2018,TP_SEXO,0,5513733,string
2018,TP_ESTADO_CIVIL,217636,5513733,string
2018,TP_COR_RACA,0,5513733,string
2018,TP_NACIONALIDADE,0,5513733,string
2018,TP_ST_CONCLUSAO,0,5513733,string
2018,TP_ANO_CONCLUIU,0,5513733,string
2018,TP_ESCOLA,0,5513733,string
2018,TP_ENSINO,2030658,5513733,string
2018,IN_TREINEIRO,0,5513733,string
2018,CO_MUNICIPIO_ESC,4064917,5513733,string
2018,NO_MUNICIPIO_ESC,4064917,5513733,string
2018,CO_UF_ESC,4064917,5513733,string
2018,SG_UF_ESC,4064917,5513733,string
2018,TP_DEPENDENCIA_ADM_ESC,4064917,5513733,string
2018,TP_LOCALIZACAO_ESC,4064917,5513733,string
2018,TP_SIT_FUNC_ESC,4064917,5513733,string
2018,CO_MUNICIPIO_PROVA,0,5513733,string
2018,NO_MUNICIPIO_PROVA,0,5513733,string
2018,CO_UF_PROVA,0,5513733,string
2018,SG_UF_PROVA,0,5513733,string
2018,TP_PRESENCA_CN,155,5513733,string
2018,TP_PRESENCA_CH,155,5513733,string
2018,TP_PRESENCA_LC,155,5513733,string
2018,TP_PRESENCA_MT,155,5513733,string
2018,CO_PROVA_CN,1608648,5513733,string
2018,CO_PROVA_CH,1365483,5513733,string
2018,CO_PROVA_LC,1365483,5513733,string
2018,CO_PROVA_MT,1608648,5513733,string
2018,NU_NOTA_CN,1608648,5513733,string
2018,NU_NOTA_CH,1365483,5513733,string
2018,NU_NOTA_LC,1365483,5513733,string
2018,NU_NOTA_MT,1608648,5513733,string
2018,TX_RESPOSTAS_CN,1608648,5513733,string
2018,TX_RESPOSTAS_CH,1365483,5513733,string
2018,TX_RESPOSTAS_LC,1365483,5513733,string
2018,TX_RESPOSTAS_MT,1608648,5513733,string
2018,TP_LINGUA,0,5513733,string
2018,TX_GABARITO_CN,1608648,5513733,string
2018,TX_GABARITO_CH,1365483,5513733,string
2018,TX_GABARITO_LC,1365483,5513733,string
2018,TX_GABARITO_MT,1608648,5513733,string
2018,TP_STATUS_REDACAO,1365483,5513733,string
2018,NU_NOTA_COMP1,1365483,5513733,string
2018,NU_NOTA_COMP2,1365483,5513733,string
2018,NU_NOTA_COMP3,1365483,5513733,string
2018,NU_NOTA_COMP4,1365483,5513733,string
2018,NU_NOTA_COMP5,1365483,5513733,string
2018,NU_NOTA_REDACAO,1365483,5513733,string
2018,Q001,0,5513733,string
2018,Q002,0,5513733,string
2018,Q003,0,5513733,string
2018,Q004,0,5513733,string
2018,Q005,0,5513733,string
2018,Q006,0,5513733,string
2018,Q007,0,5513733,string
2018,Q008,0,5513733,string
2018,Q009,0,5513733,string
2018,Q010,0,5513733,string
2018,Q011,0,5513733,string
2018,Q012,0,5513733,string
2018,Q013,0,5513733,string
2018,Q014,0,5513733,string
2018,Q015,0,5513733,string
2018,Q016,0,5513733,string
2018,Q017,0,5513733,string
2018,Q018,0,5513733,string
2018,Q019,0,5513733,string
2018,Q020,0,5513733,string
2018,Q021,0,5513733,string
2018,Q022,0,5513733,string
2018,Q023,0,5513733,string
2018,Q024,0,5513733,string
2018,Q025,0,5513733,string
2018,Q026,4,5513733,string
2018,Q027,0,5513733,string
2019,NU_INSCRICAO,0,5095171,string
2019,NU_ANO,0,5095171,string
2019,TP_FAIXA_ETARIA,0,5095171,string
2019,TP_SEXO,0,5095171,string
2019,TP_ESTADO_CIVIL,0,5095171,string
2019,TP_COR_RACA,0,5095171,string
2019,TP_NACIONALIDADE,0,5095171,string
2019,TP_ST_CONCLUSAO,0,5095171,string
2019,TP_ANO_CONCLUIU,0,5095171,string
2019,TP_ESCOLA,0,5095171,string
2019,TP_ENSINO,2217036,5095171,string
2019,IN_TREINEIRO,0,5095171,string
2019,CO_MUNICIPIO_ESC,3947784,5095171,string
2019,NO_MUNICIPIO_ESC,3947784,5095171,string
2019,CO_UF_ESC,3947784,5095171,string
2019,SG_UF_ESC,3947784,5095171,string
2019,TP_DEPENDENCIA_ADM_ESC,3947784,5095171,string
2019,TP_LOCALIZACAO_ESC,3947784,5095171,string
2019,TP_SIT_FUNC_ESC,3947784,5095171,string
2019,CO_MUNICIPIO_PROVA,0,5095171,string
2019,NO_MUNICIPIO_PROVA,0,5095171,string
2019,CO_UF_PROVA,0,5095171,string
2019,SG_UF_PROVA,0,5095171,string
2019,TP_PRESENCA_CN,0,5095171,string
2019,TP_PRESENCA_CH,0,5095171,string
2019,TP_PRESENCA_LC,0,5095171,string
2019,TP_PRESENCA_MT,0,5095171,string
2019,CO_PROVA_CN,1384836,5095171,string
2019,CO_PROVA_CH,1172125,5095171,string
2019,CO_PROVA_LC,1172125,5095171,string
2019,CO_PROVA_MT,1384836,5095171,string
2019,NU_NOTA_CN,1384836,5095171,string
2019,NU_NOTA_CH,1172125,5095171,string
2019,NU_NOTA_LC,1172125,5095171,string
2019,NU_NOTA_MT,1384836,5095171,string
2019,TX_RESPOSTAS_CN,1384836,5095171,string
2019,TX_RESPOSTAS_CH,1172125,5095171,string
2019,TX_RESPOSTAS_LC,1172125,5095171,string
2019,TX_RESPOSTAS_MT,1384836,5095171,string
2019,TP_LINGUA,0,5095171,string
2019,TX_GABARITO_CN,1384836,5095171,string
2019,TX_GABARITO_CH,1172125,5095171,string
2019,TX_GABARITO_LC,1172125,5095171,string
2019,TX_GABARITO_MT,1384836,5095171,string
2019,TP_STATUS_REDACAO,1172126,5095171,string
2019,NU_NOTA_COMP1,1172126,5095171,string
2019,NU_NOTA_COMP2,1172126,5095171,string
2019,NU_NOTA_COMP3,1172126,5095171,string
2019,NU_NOTA_COMP4,1172126,5095171,string
2019,NU_NOTA_COMP5,1172126,5095171,string
2019,NU_NOTA_REDACAO,1172126,5095171,string
2019,Q001,0,5095171,string
2019,Q002,0,5095171,string
2019,Q003,0,5095171,string
2019,Q004,0,5095171,string
2019,Q005,0,5095171,string
2019,Q006,0,5095171,string
2019,Q007,0,5095171,string
2019,Q008,0,5095171,string
2019,Q009,0,5095171,string
2019,Q010,0,5095171,string
2019,Q011,0,5095171,string
2019,Q012,0,5095171,string
2019,Q013,0,5095171,string
2019,Q014,0,5095171,string
2019,Q015,0,5095171,string
2019,Q016,0,5095171,string
2019,Q017,0,5095171,string
2019,Q018,0,5095171,string
2019,Q019,0,5095171,string
2019,Q020,0,5095171,string
2019,Q021,0,5095171,string
2019,Q022,0,5095171,string
2019,Q023,0,5095171,string
2019,Q024,0,5095171,string
2019,Q025,0,5095171,string
2020,NU_INSCRICAO,0,5783109,string
2020,NU_ANO,0,5783109,string
2020,TP_FAIXA_ETARIA,0,5783109,string
2020,TP_SEXO,0,5783109,string
2020,TP_ESTADO_CIVIL,0,5783109,string
2020,TP_COR_RACA,0,5783109,string
2020,TP_NACIONALIDADE,0,5783109,string
2020,TP_ST_CONCLUSAO,0,5783109,string
2020,TP_ANO_CONCLUIU,0,5783109,string
2020,TP_ESCOLA,0,5783109,string
2020,TP_ENSINO,4479663,5783109,string
2020,IN_TREINEIRO,0,5783109,string
2020,CO_MUNICIPIO_ESC,4878540,5783109,string
2020,NO_MUNICIPIO_ESC,4878540,5783109,string
2020,CO_UF_ESC,4878540,5783109,string
2020,SG_UF_ESC,4878540,5783109,string
2020,TP_DEPENDENCIA_ADM_ESC,4878540,5783109,string
2020,TP_LOCALIZACAO_ESC,4878540,5783109,string
2020,TP_SIT_FUNC_ESC,4878540,5783109,string
2020,CO_MUNICIPIO_PROVA,0,5783109,string
2020,NO_MUNICIPIO_PROVA,0,5783109,string
2020,CO_UF_PROVA,0,5783109,string
2020,SG_UF_PROVA,0,5783109,string
2020,TP_PRESENCA_CN,0,5783109,string
2020,TP_PRESENCA_CH,0,5783109,string
2020,TP_PRESENCA_LC,0,5783109,string
2020,TP_PRESENCA_MT,0,5783109,string
2020,CO_PROVA_CN,3185669,5783109,string
2020,CO_PROVA_CH,3028969,5783109,string
2020,CO_PROVA_LC,3028969,5783109,string
2020,CO_PROVA_MT,3185669,5783109,string
2020,NU_NOTA_CN,3185669,5783109,string
2020,NU_NOTA_CH,3028969,5783109,string
2020,NU_NOTA_LC,3028969,5783109,string
2020,NU_NOTA_MT,3185669,5783109,string
2020,TX_RESPOSTAS_CN,3185669,5783109,string
2020,TX_RESPOSTAS_CH,3028969,5783109,string
2020,TX_RESPOSTAS_LC,3028969,5783109,string
2020,TX_RESPOSTAS_MT,3185669,5783109,string
2020,TP_LINGUA,0,5783109,string
2020,TX_GABARITO_CN,3185669,5783109,string
2020,TX_GABARITO_CH,3028969,5783109,string
2020,TX_GABARITO_LC,3028969,5783109,string
2020,TX_GABARITO_MT,3185669,5783109,string
2020,TP_STATUS_REDACAO,3028969,5783109,string
2020,NU_NOTA_COMP1,3028969,5783109,string
2020,NU_NOTA_COMP2,3028969,5783109,string
2020,NU_NOTA_COMP3,3028969,5783109,string
2020,NU_NOTA_COMP4,3028969,5783109,string
2020,NU_NOTA_COMP5,3028969,5783109,string
2020,NU_NOTA_REDACAO,3028969,5783109,string
2020,Q001,95966,5783109,string
2020,Q002,95966,5783109,string
2020,Q003,95966,5783109,string
2020,Q004,95966,5783109,string
2020,Q005,95966,5783109,string
2020,Q006,95966,5783109,string
2020,Q007,95966,5783109,string
2020,Q008,95966,5783109,string
2020,Q009,95966,5783109,string
2020,Q010,95966,5783109,string
2020,Q011,95966,5783109,string
2020,Q012,95966,5783109,string
2020,Q013,95966,5783109,string
2020,Q014,95966,5783109,string
2020,Q015,95966,5783109,string
2020,Q016,95966,5783109,string
2020,Q017,95966,5783109,string
2020,Q018,95966,5783109,string
2020,Q019,95966,5783109,string
2020,Q020,95966,5783109,string
2020,Q021,95966,5783109,string
2020,Q022,95966,5783109,string
2020,Q023,95966,5783109,string
2020,Q024,95966,5783109,string
2020,Q025,95966,5783109,string
2021,NU_INSCRICAO,0,3389832,string
2021,NU_ANO,0,3389832,string
2021,TP_FAIXA_ETARIA,0,3389832,string
2021,TP_SEXO,0,3389832,string
2021,TP_ESTADO_CIVIL,0,3389832,string
2021,TP_COR_RACA,0,3389832,string
2021,TP_NACIONALIDADE,0,3389832,string
2021,TP_ST_CONCLUSAO,0,3389832,string
2021,TP_ANO_CONCLUIU,0,3389832,string
2021,TP_ESCOLA,0,3389832,string
2021,TP_ENSINO,2293004,3389832,string
2021,IN_TREINEIRO,0,3389832,string
2021,CO_MUNICIPIO_ESC,2576026,3389832,string
2021,NO_MUNICIPIO_ESC,2576026,3389832,string
2021,CO_UF_ESC,2576026,3389832,string
2021,SG_UF_ESC,2576026,3389832,string
2021,TP_DEPENDENCIA_ADM_ESC,2576026,3389832,string
2021,TP_LOCALIZACAO_ESC,2576026,3389832,string
2021,TP_SIT_FUNC_ESC,2576026,3389832,string
2021,CO_MUNICIPIO_PROVA,0,3389832,string
2021,NO_MUNICIPIO_PROVA,0,3389832,string
2021,CO_UF_PROVA,0,3389832,string
2021,SG_UF_PROVA,0,3389832,string
2021,TP_PRESENCA_CN,0,3389832,string
2021,TP_PRESENCA_CH,0,3389832,string
2021,TP_PRESENCA_LC,0,3389832,string
2021,TP_PRESENCA_MT,0,3389832,string
2021,CO_PROVA_CN,1143988,3389832,string
2021,CO_PROVA_CH,1011453,3389832,string
2021,CO_PROVA_LC,1011453,3389832,string
2021,CO_PROVA_MT,1143988,3389832,string
2021,NU_NOTA_CN,1143988,3389832,string
2021,NU_NOTA_CH,1011453,3389832,string
2021,NU_NOTA_LC,1011453,3389832,string
2021,NU_NOTA_MT,1143988,3389832,string
2021,TX_RESPOSTAS_CN,1143988,3389832,string
2021,TX_RESPOSTAS_CH,1011453,3389832,string
2021,TX_RESPOSTAS_LC,1011453,3389832,string
2021,TX_RESPOSTAS_MT,1143988,3389832,string
2021,TP_LINGUA,0,3389832,string
2021,TX_GABARITO_CN,1143988,3389832,string
2021,TX_GABARITO_CH,1011453,3389832,string
2021,TX_GABARITO_LC,1011453,3389832,string
2021,TX_GABARITO_MT,1143988,3389832,string
2021,TP_STATUS_REDACAO,1011453,3389832,string
2021,NU_NOTA_COMP1,1011453,3389832,string
2021,NU_NOTA_COMP2,1011453,3389832,string
2021,NU_NOTA_COMP3,1011453,3389832,string
2021,NU_NOTA_COMP4,1011453,3389832,string
2021,NU_NOTA_COMP5,1011453,3389832,string
2021,NU_NOTA_REDACAO,1011453,3389832,string
2021,Q001,2,3389832,string
2021,Q002,2,3389832,string
2021,Q003,2,3389832,string
2021,Q004,2,3389832,string
2021,Q005,2,3389832,string
2021,Q006,2,3389832,string
2021,Q007,2,3389832,string
2021,Q008,2,3389832,string
2021,Q009,2,3389832,string
2021,Q010,2,3389832,string
2021,Q011,2,3389832,string
2021,Q012,2,3389832,string
2021,Q013,2,3389832,string
2021,Q014,2,3389832,string
2021,Q015,2,3389832,string
2021,Q016,2,3389832,string
2021,Q017,2,3389832,string
2021,Q018,2,3389832,string
2021,Q019,2,3389832,string
2021,Q020,2,3389832,string
2021,Q021,2,3389832,string
2021,Q022,2,3389832,string
2021,Q023,2,3389832,string
2021,Q024,2,3389832,string
2021,Q025,2,3389832,string
2022,NU_INSCRICAO,0,3476105,string
2022,NU_ANO,0,3476105,string
2022,TP_FAIXA_ETARIA,0,3476105,string
2022,TP_SEXO,0,3476105,string
2022,TP_ESTADO_CIVIL,0,3476105,string
2022,TP_COR_RACA,0,3476105,string
2022,TP_NACIONALIDADE,0,3476105,string
2022,TP_ST_CONCLUSAO,0,3476105,string
2022,TP_ANO_CONCLUIU,0,3476105,string
2022,TP_ESCOLA,0,3476105,string
2022,TP_ENSINO,2213361,3476105,string
2022,IN_TREINEIRO,0,3476105,string
2022,CO_MUNICIPIO_ESC,2524161,3476105,string
2022,NO_MUNICIPIO_ESC,2524161,3476105,string
2022,CO_UF_ESC,2524161,3476105,string
2022,SG_UF_ESC,2524161,3476105,string
2022,TP_DEPENDENCIA_ADM_ESC,2524161,3476105,string
2022,TP_LOCALIZACAO_ESC,2524161,3476105,string
2022,TP_SIT_FUNC_ESC,2524161,3476105,string
2022,CO_MUNICIPIO_PROVA,0,3476105,string
2022,NO_MUNICIPIO_PROVA,0,3476105,string
2022,CO_UF_PROVA,0,3476105,string
2022,SG_UF_PROVA,0,3476105,string
2022,TP_PRESENCA_CN,0,3476105,string
2022,TP_PRESENCA_CH,0,3476105,string
2022,TP_PRESENCA_LC,0,3476105,string
2022,TP_PRESENCA_MT,0,3476105,string
2022,CO_PROVA_CN,1120710,3476105,string
2022,CO_PROVA_CH,982663,3476105,string
2022,CO_PROVA_LC,982663,3476105,string
2022,CO_PROVA_MT,1120710,3476105,string
2022,NU_NOTA_CN,1120710,3476105,string
2022,NU_NOTA_CH,982663,3476105,string
2022,NU_NOTA_LC,982663,3476105,string
2022,NU_NOTA_MT,1120710,3476105,string
2022,TX_RESPOSTAS_CN,1120710,3476105,string
2022,TX_RESPOSTAS_CH,982663,3476105,string
2022,TX_RESPOSTAS_LC,982663,3476105,string
2022,TX_RESPOSTAS_MT,1120710,3476105,string
2022,TP_LINGUA,0,3476105,string
2022,TX_GABARITO_CN,1120710,3476105,string
2022,TX_GABARITO_CH,982663,3476105,string
2022,TX_GABARITO_LC,982663,3476105,string
2022,TX_GABARITO_MT,1120710,3476105,string
2022,TP_STATUS_REDACAO,982663,3476105,string
2022,NU_NOTA_COMP1,982663,3476105,string
2022,NU_NOTA_COMP2,982663,3476105,string
2022,NU_NOTA_COMP3,982663,3476105,string
2022,NU_NOTA_COMP4,982663,3476105,string
2022,NU_NOTA_COMP5,982663,3476105,string
2022,NU_NOTA_REDACAO,982663,3476105,string
2022,Q001,0,3476105,string
2022,Q002,0,3476105,string
2022,Q003,0,3476105,string
2022,Q004,0,3476105,string
2022,Q005,0,3476105,string
2022,Q006,0,3476105,string
2022,Q007,0,3476105,string
2022,Q008,0,3476105,string
2022,Q009,0,3476105,string
2022,Q010,0,3476105,string
2022,Q011,0,3476105,string
2022,Q012,0,3476105,string
2022,Q013,0,3476105,string
2022,Q014,0,3476105,string
2022,Q015,0,3476105,string
2022,Q016,0,3476105,string
2022,Q017,0,3476105,string
2022,Q018,0,3476105,string
2022,Q019,0,3476105,string
2022,Q020,0,3476105,string
2022,Q021,0,3476105,string
2022,Q022,0,3476105,string
2022,Q023,0,3476105,string
2022,Q024,0,3476105,string
2022,Q025,0,3476105,string
2023,NU_INSCRICAO,0,3933955,string
2023,NU_ANO,0,3933955,string
2023,TP_FAIXA_ETARIA,0,3933955,string
2023,TP_SEXO,0,3933955,string
2023,TP_ESTADO_CIVIL,0,3933955,string
2023,TP_COR_RACA,0,3933955,string
2023,TP_NACIONALIDADE,0,3933955,string
2023,TP_ST_CONCLUSAO,0,3933955,string
2023,TP_ANO_CONCLUIU,0,3933955,string
2023,TP_ESCOLA,0,3933955,string
2023,TP_ENSINO,2594874,3933955,string
2023,IN_TREINEIRO,0,3933955,string
2023,CO_MUNICIPIO_ESC,2975449,3933955,string
2023,NO_MUNICIPIO_ESC,2975449,3933955,string
2023,CO_UF_ESC,2975449,3933955,string
2023,SG_UF_ESC,2975449,3933955,string
2023,TP_DEPENDENCIA_ADM_ESC,2975449,3933955,string
2023,TP_LOCALIZACAO_ESC,2975449,3933955,string
2023,TP_SIT_FUNC_ESC,2975449,3933955,string
2023,CO_MUNICIPIO_PROVA,0,3933955,string
2023,NO_MUNICIPIO_PROVA,0,3933955,string
2023,CO_UF_PROVA,0,3933955,string
2023,SG_UF_PROVA,0,3933955,string
2023,TP_PRESENCA_CN,0,3933955,string
2023,TP_PRESENCA_CH,0,3933955,string
2023,TP_PRESENCA_LC,0,3933955,string
2023,TP_PRESENCA_MT,0,3933955,string
2023,CO_PROVA_CN,1241528,3933955,string
2023,CO_PROVA_CH,1111312,3933955,string
2023,CO_PROVA_LC,1111312,3933955,string
2023,CO_PROVA_MT,1241528,3933955,string
2023,NU_NOTA_CN,1241528,3933955,string
2023,NU_NOTA_CH,1111312,3933955,string
2023,NU_NOTA_LC,1111312,3933955,string
2023,NU_NOTA_MT,1241528,3933955,string
2023,TX_RESPOSTAS_CN,1241528,3933955,string
2023,TX_RESPOSTAS_CH,1111312,3933955,string
2023,TX_RESPOSTAS_LC,1111312,3933955,string
2023,TX_RESPOSTAS_MT,1241528,3933955,string
2023,TP_LINGUA,0,3933955,string
2023,TX_GABARITO_CN,1241528,3933955,string
2023,TX_GABARITO_CH,1111312,3933955,string
2023,TX_GABARITO_LC,1111312,3933955,string
2023,TX_GABARITO_MT,1241528,3933955,string
2023,TP_STATUS_REDACAO,1111312,3933955,string
2023,NU_NOTA_COMP1,1111312,3933955,string
2023,NU_NOTA_COMP2,1111312,3933955,string
2023,NU_NOTA_COMP3,1111312,3933955,string
2023,NU_NOTA_COMP4,1111312,3933955,string
2023,NU_NOTA_COMP5,1111312,3933955,string
2023,NU_NOTA_REDACAO,1111312,3933955,string
2023,Q001,0,3933955,string
2023,Q002,0,3933955,string
2023,Q003,0,3933955,string
2023,Q004,0,3933955,string
2023,Q005,0,3933955,string
2023,Q006,0,3933955,string
2023,Q007,0,3933955,string
2023,Q008,0,3933955,string
2023,Q009,0,3933955,string
2023,Q010,0,3933955,string
2023,Q011,0,3933955,string
2023,Q012,0,3933955,string
2023,Q013,0,3933955,string
2023,Q014,0,3933955,string
2023,Q015,0,3933955,string
2023,Q016,0,3933955,string
2023,Q017,0,3933955,string
2023,Q018,0,3933955,string
2023,Q019,0,3933955,string
2023,Q020,0,3933955,string
2023,Q021,0,3933955,string
2023,Q022,0,3933955,string
2023,Q023,0,3933955,string
2023,Q024,0,3933955,string
2023,Q025,0,3933955,string
