variavel_original,2010,2011,2012,2013,2014,2015,2016,2017,2018,2019,2020,2021,2022,2023
ANO_CONCLUIU,False,False,False,True,False,False,False,False,False,False,False,False,False,False
CO_MUNICIPIO_ESC,True,True,True,True,True,True,True,True,True,True,True,True,True,True
CO_MUNICIPIO_PROVA,True,True,True,True,True,True,True,True,True,True,True,True,True,True
CO_PROVA_CH,True,True,True,True,True,True,True,True,True,True,True,True,True,True
CO_PROVA_CN,True,True,True,True,True,True,True,True,True,True,True,True,True,True
CO_PROVA_LC,True,True,True,True,True,True,True,True,True,True,True,True,True,True
CO_PROVA_MT,True,True,True,True,True,True,True,True,True,True,True,True,True,True
CO_UF_ENTIDADE_CERTIFICACAO,False,True,True,True,True,True,True,False,False,False,False,False,False,False
CO_UF_ESC,True,True,True,True,True,True,True,True,True,True,True,True,True,True
CO_UF_PROVA,True,True,True,True,True,True,True,True,True,True,True,True,True,True
IN_CERTIFICADO,True,True,True,True,True,True,True,False,False,False,False,False,False,False
IN_TREINEIRO,False,False,False,False,False,True,True,True,True,True,True,True,True,True
NO_ENTIDADE_CERTIFICACAO,False,True,True,True,True,True,True,False,False,False,False,False,False,False
NO_MUNICIPIO_ESC,True,True,True,True,True,True,True,True,True,True,True,True,True,True
NO_MUNICIPIO_PROVA,True,True,True,True,True,True,True,True,True,True,True,True,True,True
NU_ANO,True,True,True,True,True,True,True,True,True,True,True,True,True,True
NU_INSCRICAO,True,True,True,True,True,True,True,True,True,True,True,True,True,True
NU_NOTA_CH,True,True,True,True,True,True,True,True,True,True,True,True,True,True
NU_NOTA_CN,True,True,True,True,True,True,True,True,True,True,True,True,True,True
NU_NOTA_COMP1,True,True,True,True,True,True,True,True,True,True,True,True,True,True
NU_NOTA_COMP2,True,True,True,True,True,True,True,True,True,True,True,True,True,True
NU_NOTA_COMP3,True,True,True,True,True,True,True,True,True,True,True,True,True,True
NU_NOTA_COMP4,True,True,True,True,True,True,True,True,True,True,True,True,True,True
NU_NOTA_COMP5,True,True,True,True,True,True,True,True,True,True,True,True,True,True
NU_NOTA_LC,True,True,True,True,True,True,True,True,True,True,True,True,True,True
NU_NOTA_MT,True,True,True,True,True,True,True,True,True,True,True,True,True,True
NU_NOTA_REDACAO,True,True,True,True,True,True,True,True,True,True,True,True,True,True
Q001,False,True,True,True,True,True,True,True,True,True,True,True,True,True
Q002,False,True,True,True,True,True,True,True,True,True,True,True,True,True
Q003,False,True,True,True,True,True,True,True,True,True,True,True,True,True
Q004,False,True,True,True,True,True,True,True,True,True,True,True,True,True
Q005,False,True,True,True,True,True,True,True,True,True,True,True,True,True
Q006,False,True,True,True,True,True,True,True,True,True,True,True,True,True
Q007,False,True,True,True,True,True,True,True,True,True,True,True,True,True
Q008,False,True,True,True,True,True,True,True,True,True,True,True,True,True
Q009,False,True,True,True,True,True,True,True,True,True,True,True,True,True
Q01,True,False,False,False,False,False,False,False,False,False,False,False,False,False
Q010,False,True,True,True,True,True,True,True,True,True,True,True,True,True
Q011,False,True,True,True,True,True,True,True,True,True,True,True,True,True
Q012,False,True,True,True,True,True,True,True,True,True,True,True,True,True
Q013,False,True,True,True,True,True,True,True,True,True,True,True,True,True
Q014,False,True,True,True,True,True,True,True,True,True,True,True,True,True
Q015,False,True,True,True,True,True,True,True,True,True,True,True,True,True
Q016,False,True,True,True,True,True,True,True,True,True,True,True,True,True
Q017,False,True,True,True,True,True,True,True,True,True,True,True,True,True
Q018,False,True,True,True,True,True,True,True,True,True,True,True,True,True
Q019,False,True,True,True,True,True,True,True,True,True,True,True,True,True
Q02,True,False,False,False,False,False,False,False,False,False,False,False,False,False
Q020,False,True,True,True,True,True,True,True,True,True,True,True,True,True
Q021,False,True,True,True,True,True,True,True,True,True,True,True,True,True
Q022,False,True,True,True,True,True,True,True,True,True,True,True,True,True
Q023,False,True,True,True,True,True,True,True,True,True,True,True,True,True
Q024,False,True,True,True,True,True,True,True,True,True,True,True,True,True
Q025,False,True,True,True,True,True,True,True,True,True,True,True,True,True
Q026,False,True,True,True,True,True,True,True,True,False,False,False,False,False
Q027,False,True,True,True,True,True,True,True,True,False,False,False,False,False
Q028,False,True,True,True,True,True,True,False,False,False,False,False,False,False
Q029,False,True,True,True,True,True,True,False,False,False,False,False,False,False
Q03,True,False,False,False,False,False,False,False,False,False,False,False,False,False
Q030,False,True,True,True,True,True,True,False,False,False,False,False,False,False
Q031,False,True,True,True,True,True,True,False,False,False,False,False,False,False
Q032,False,True,True,True,True,True,True,False,False,False,False,False,False,False
Q033,False,True,True,True,True,True,True,False,False,False,False,False,False,False
Q034,False,True,True,True,True,True,True,False,False,False,False,False,False,False
Q035,False,True,True,True,True,True,True,False,False,False,False,False,False,False
Q036,False,True,True,True,True,True,True,False,False,False,False,False,False,False
Q037,False,True,True,True,True,True,True,False,False,False,False,False,False,False
Q038,False,True,True,True,True,True,True,False,False,False,False,False,False,False
Q039,False,True,True,True,True,True,True,False,False,False,False,False,False,False
Q04,True,False,False,False,False,False,False,False,False,False,False,False,False,False
Q040,False,True,True,True,True,True,True,False,False,False,False,False,False,False
Q041,False,True,True,True,True,True,True,False,False,False,False,False,False,False
Q042,False,True,True,True,True,True,True,False,False,False,False,False,False,False
Q043,False,True,True,True,True,True,True,False,False,False,False,False,False,False
Q044,False,True,True,True,True,True,True,False,False,False,False,False,False,False
Q045,False,True,True,True,True,True,True,False,False,False,False,False,False,False
Q046,False,True,True,True,True,True,True,False,False,False,False,False,False,False
Q047,False,True,True,True,True,True,True,False,False,False,False,False,False,False
Q048,False,True,True,True,True,True,True,False,False,False,False,False,False,False
Q049,False,True,True,True,True,True,True,False,False,False,False,False,False,False
Q05,True,False,False,False,False,False,False,False,False,False,False,False,False,False
Q050,False,True,True,True,True,True,True,False,False,False,False,False,False,False
Q051,False,True,True,True,True,False,False,False,False,False,False,False,False,False
Q052,False,True,True,True,True,False,False,False,False,False,False,False,False,False
Q053,False,True,True,True,True,False,False,False,False,False,False,False,False,False
Q054,False,True,True,True,True,False,False,False,False,False,False,False,False,False
Q055,False,True,True,True,True,False,False,False,False,False,False,False,False,False
Q056,False,True,True,True,True,False,False,False,False,False,False,False,False,False
Q057,False,True,True,True,True,False,False,False,False,False,False,False,False,False
Q058,False,True,True,True,True,False,False,False,False,False,False,False,False,False
Q059,False,True,True,True,True,False,False,False,False,False,False,False,False,False
Q06,True,False,False,False,False,False,False,False,False,False,False,False,False,False
Q060,False,True,True,True,True,False,False,False,False,False,False,False,False,False
Q061,False,True,True,True,True,False,False,False,False,False,False,False,False,False
Q062,False,True,True,True,True,False,False,False,False,False,False,False,False,False
Q063,False,True,False,True,True,False,False,False,False,False,False,False,False,False
Q064,False,True,False,True,True,False,False,False,False,False,False,False,False,False
Q065,False,True,False,True,True,False,False,False,False,False,False,False,False,False
Q066,False,True,False,True,True,False,False,False,False,False,False,False,False,False
Q067,False,True,False,True,True,False,False,False,False,False,False,False,False,False
Q068,False,True,False,True,True,False,False,False,False,False,False,False,False,False
Q069,False,True,False,True,True,False,False,False,False,False,False,False,False,False
Q07,True,False,False,False,False,False,False,False,False,False,False,False,False,False
Q070,False,True,False,True,True,False,False,False,False,False,False,False,False,False
Q071,False,True,False,True,True,False,False,False,False,False,False,False,False,False
Q072,False,True,False,True,True,False,False,False,False,False,False,False,False,False
Q073,False,True,False,True,True,False,False,False,False,False,False,False,False,False
Q074,False,True,False,True,True,False,False,False,False,False,False,False,False,False
Q075,False,True,False,True,True,False,False,False,False,False,False,False,False,False
Q076,False,False,False,True,True,False,False,False,False,False,False,False,False,False
Q08,True,False,False,False,False,False,False,False,False,False,False,False,False,False
Q09,True,False,False,False,False,False,False,False,False,False,False,False,False,False
Q10,True,False,False,False,False,False,False,False,False,False,False,False,False,False
Q11,True,False,False,False,False,False,False,False,False,False,False,False,False,False
Q12,True,False,False,False,False,False,False,False,False,False,False,False,False,False
Q13,True,False,False,False,False,False,False,False,False,False,False,False,False,False
Q14,True,False,False,False,False,False,False,False,False,False,False,False,False,False
Q15,True,False,False,False,False,False,False,False,False,False,False,False,False,False
Q16,True,False,False,False,False,False,False,False,False,False,False,False,False,False
Q17,True,False,False,False,False,False,False,False,False,False,False,False,False,False
Q18,True,False,False,False,False,False,False,False,False,False,False,False,False,False
Q19,True,False,False,False,False,False,False,False,False,False,False,False,False,False
Q20,True,False,False,False,False,False,False,False,False,False,False,False,False,False
Q21,True,False,False,False,False,False,False,False,False,False,False,False,False,False
Q22,True,False,False,False,False,False,False,False,False,False,False,False,False,False
Q23,True,False,False,False,False,False,False,False,False,False,False,False,False,False
Q24,True,False,False,False,False,False,False,False,False,False,False,False,False,False
Q25,True,False,False,False,False,False,False,False,False,False,False,False,False,False
Q26,True,False,False,False,False,False,False,False,False,False,False,False,False,False
Q27,True,False,False,False,False,False,False,False,False,False,False,False,False,False
Q28,True,False,False,False,False,False,False,False,False,False,False,False,False,False
Q29,True,False,False,False,False,False,False,False,False,False,False,False,False,False
Q30,True,False,False,False,False,False,False,False,False,False,False,False,False,False
Q31,True,False,False,False,False,False,False,False,False,False,False,False,False,False
Q32,True,False,False,False,False,False,False,False,False,False,False,False,False,False
Q33,True,False,False,False,False,False,False,False,False,False,False,False,False,False
Q34,True,False,False,False,False,False,False,False,False,False,False,False,False,False
Q35,True,False,False,False,False,False,False,False,False,False,False,False,False,False
Q36,True,False,False,False,False,False,False,False,False,False,False,False,False,False
Q37,True,False,False,False,False,False,False,False,False,False,False,False,False,False
Q38,True,False,False,False,False,False,False,False,False,False,False,False,False,False
Q39,True,False,False,False,False,False,False,False,False,False,False,False,False,False
Q40,True,False,False,False,False,False,False,False,False,False,False,False,False,False
Q41,True,False,False,False,False,False,False,False,False,False,False,False,False,False
Q42,True,False,False,False,False,False,False,False,False,False,False,False,False,False
Q43,True,False,False,False,False,False,False,False,False,False,False,False,False,False
Q44,True,False,False,False,False,False,False,False,False,False,False,False,False,False
Q45,True,False,False,False,False,False,False,False,False,False,False,False,False,False
Q46,True,False,False,False,False,False,False,False,False,False,False,False,False,False
Q47,True,False,False,False,False,False,False,False,False,False,False,False,False,False
Q48,True,False,False,False,False,False,False,False,False,False,False,False,False,False
Q49,True,False,False,False,False,False,False,False,False,False,False,False,False,False
Q50,True,False,False,False,False,False,False,False,False,False,False,False,False,False
Q51,True,False,False,False,False,False,False,False,False,False,False,False,False,False
Q52,True,False,False,False,False,False,False,False,False,False,False,False,False,False
Q53,True,False,False,False,False,False,False,False,False,False,False,False,False,False
Q54,True,False,False,False,False,False,False,False,False,False,False,False,False,False
Q55,True,False,False,False,False,False,False,False,False,False,False,False,False,False
Q56,True,False,False,False,False,False,False,False,False,False,False,False,False,False
Q57,True,False,False,False,False,False,False,False,False,False,False,False,False,False
SG_UF_ENTIDADE_CERTIFICACAO,False,True,True,True,True,True,True,False,False,False,False,False,False,False
SG_UF_ESC,True,True,True,True,True,True,True,True,True,True,True,True,True,True
SG_UF_PROVA,True,True,True,True,True,True,True,True,True,True,True,True,True,True
TP_ANO_CONCLUIU,False,True,True,False,True,True,True,True,True,True,True,True,True,True
TP_COR_RACA,True,True,True,True,True,True,True,True,True,True,True,True,True,True
TP_DEPENDENCIA_ADM_ESC,True,True,True,True,True,True,True,True,True,True,True,True,True,True
TP_ENSINO,True,True,True,True,True,True,True,True,True,True,True,True,True,True
TP_ESCOLA,False,True,True,True,True,True,True,True,True,True,True,True,True,True
TP_ESTADO_CIVIL,True,True,True,True,True,True,True,True,True,True,True,True,True,True
TP_FAIXA_ETARIA,True,True,True,True,True,True,True,True,True,True,True,True,True,True
TP_LINGUA,True,True,True,True,True,True,True,True,True,True,True,True,True,True
TP_LOCALIZACAO_ESC,True,True,True,True,True,True,True,True,True,True,True,True,True,True
TP_NACIONALIDADE,False,False,False,True,True,True,True,True,True,True,True,True,True,True
TP_PRESENCA_CH,True,True,True,True,True,True,True,True,True,True,True,True,True,True
TP_PRESENCA_CN,True,True,True,True,True,True,True,True,True,True,True,True,True,True
TP_PRESENCA_LC,True,True,True,True,True,True,True,True,True,True,True,True,True,True
TP_PRESENCA_MT,True,True,True,True,True,True,True,True,True,True,True,True,True,True
TP_SEXO,True,True,True,True,True,True,True,True,True,True,True,True,True,True
TP_SIT_FUNC_ESC,True,True,True,True,True,True,True,True,True,True,True,True,True,True
TP_STATUS_REDACAO,True,True,True,True,True,True,True,True,True,True,True,True,True,True
TP_ST_CONCLUSAO,True,True,True,True,True,True,True,True,True,True,True,True,True,True
TX_GABARITO_CH,True,True,True,True,True,True,True,True,True,True,True,True,True,True
TX_GABARITO_CN,True,True,True,True,True,True,True,True,True,True,True,True,True,True
TX_GABARITO_LC,True,True,True,True,True,True,True,True,True,True,True,True,True,True
TX_GABARITO_MT,True,True,True,True,True,True,True,True,True,True,True,True,True,True
TX_RESPOSTAS_CH,True,True,True,True,True,True,True,True,True,True,True,True,True,True
TX_RESPOSTAS_CN,True,True,True,True,True,True,True,True,True,True,True,True,True,True
TX_RESPOSTAS_LC,True,True,True,True,True,True,True,True,True,True,True,True,True,True
TX_RESPOSTAS_MT,True,True,True,True,True,True,True,True,True,True,True,True,True,True
